filename,label,source_dataset,generator_family,codec,duration_ms,width,height,frame_count,source_image_sha256
real/real_0000_h264_mp4_ac8037a95c63.mp4,real,kaggle_deepfake_and_real_images,image_to_video_static_camera_photo,h264_mp4,3000,640,360,72,ac8037a95c632b9a8ac1764cb7affb3dbfa40fda41dc8f1c0014b656197d0ab6
real/real_0001_vp9_webm_0d3f62a6d781.webm,real,kaggle_deepfake_and_real_images,image_to_video_static_camera_photo,vp9_webm,3000,640,360,0,0d3f62a6d781804e29aa3ce42f775f15a6506dafaea303272aecf834c1fd982c
real/real_0002_h264_mov_ced9a23ebb71.mov,real,kaggle_deepfake_and_real_images,image_to_video_static_camera_photo,h264_mov,3000,640,360,72,ced9a23ebb718bd47e5c4f8828ed991141ec3ce194400b28e7386aea154f8a7a
real/real_0003_h264_mp4_ac97ee3bd10b.mp4,real,kaggle_deepfake_and_real_images,image_to_video_static_camera_photo,h264_mp4,3000,640,360,72,ac97ee3bd10bf1136a495794a61e28d41d15437274fed194541a9651be804868
real/real_0004_vp9_webm_7c182265163a.webm,real,kaggle_deepfake_and_real_images,image_to_video_static_camera_photo,vp9_webm,3000,640,360,0,7c182265163a259330274a6721f16a270cb176d58b6bfe59430a0b55163a67cc
real/real_0005_h264_mov_7ea072334a54.mov,real,kaggle_deepfake_and_real_images,image_to_video_static_camera_photo,h264_mov,3000,640,360,72,7ea072334a546a05cbee428c03b6e537c09a79b4b258b2007ab47957f09226e5
real/real_0006_h264_mp4_079e2b88cb99.mp4,real,kaggle_deepfake_and_real_images,image_to_video_static_camera_photo,h264_mp4,3000,640,360,72,079e2b88cb99c3056cfb8e27fd554ec4c258dee06823c5e61319b7abc48ed456
real/real_0007_vp9_webm_6681f7176669.webm,real,kaggle_deepfake_and_real_images,image_to_video_static_camera_photo,vp9_webm,3000,640,360,0,6681f7176669a3eac675e244a65d2f0e9c0b05c914a2b43b810155d87d81f396
real/real_0008_h264_mov_02d4db4c0c34.mov,real,kaggle_deepfake_and_real_images,image_to_video_static_camera_photo,h264_mov,3000,640,360,72,02d4db4c0c34d97f29ffdbdb3458b1dcac53ea99871a6a8c3becd6b9e5823cb3
real/real_0009_h264_mp4_f8824eb43725.mp4,real,kaggle_deepfake_and_real_images,image_to_video_static_camera_photo,h264_mp4,3000,640,360,72,f8824eb437253d33edd57c5b32cc17bd277e8430de6ea90c14f0dc0216950418
real/real_0010_vp9_webm_da43a3ccf8c5.webm,real,kaggle_deepfake_and_real_images,image_to_video_static_camera_photo,vp9_webm,3000,640,360,0,da43a3ccf8c5397a4dfa086caf50f3b8524e1d85ddcde95c64996bbe08d86e29
real/real_0011_h264_mov_caab4d1934e9.mov,real,kaggle_deepfake_and_real_images,image_to_video_static_camera_photo,h264_mov,3000,640,360,72,caab4d1934e919fc452f5eeb20aebf4f37875c4e4b2b8a331da08c3af0f40293
real/real_0012_h264_mp4_de4a7caae008.mp4,real,kaggle_deepfake_and_real_images,image_to_video_static_camera_photo,h264_mp4,3000,640,360,72,de4a7caae008fc6113f6d48b9ec5747a20464e23fd38335f5a74cbf970af8e97
real/real_0013_vp9_webm_d46f97c59c8f.webm,real,kaggle_deepfake_and_real_images,image_to_video_static_camera_photo,vp9_webm,3000,640,360,0,d46f97c59c8fab116defea668ae55e1d5c02c37ee4658059dc0f13522ced8aa9
real/real_0014_h264_mov_aa70199e851b.mov,real,kaggle_deepfake_and_real_images,image_to_video_static_camera_photo,h264_mov,3000,640,360,72,aa70199e851bb95898a8e2979b6e38c51e58b2f9e0c9d4dfb2353d3785baec19
real/real_0015_h264_mp4_280e9e232830.mp4,real,kaggle_deepfake_and_real_images,image_to_video_static_camera_photo,h264_mp4,3000,640,360,72,280e9e232830821ecdca1fb827c132965b392092e09ba204242ab1a75aade04e
real/real_0016_vp9_webm_dcec2fd2f003.webm,real,kaggle_deepfake_and_real_images,image_to_video_static_camera_photo,vp9_webm,3000,640,360,0,dcec2fd2f0037c46077f7d3e7f0c5022c63f26a92f27d79899b3b23444fead22
real/real_0017_h264_mov_1531a2061124.mov,real,kaggle_deepfake_and_real_images,image_to_video_static_camera_photo,h264_mov,3000,640,360,72,1531a2061124e917b65bff3d99cd8be69676a079b86502f4bf2cb7efe8044477
real/real_0018_h264_mp4_8ac9ac2ef592.mp4,real,kaggle_deepfake_and_real_images,image_to_video_static_camera_photo,h264_mp4,3000,640,360,72,8ac9ac2ef5928585058d40ee57f4c87edf5047b1f1f5cb8f418c0bb1b71ab36b
real/real_0019_vp9_webm_c489c50e45e4.webm,real,kaggle_deepfake_and_real_images,image_to_video_static_camera_photo,vp9_webm,3000,640,360,0,c489c50e45e434f38dbfdf50d9c1d8caa327d21df88b7754e9d42ededb7c38cd
real/real_0020_h264_mov_762fd61bd784.mov,real,kaggle_deepfake_and_real_images,image_to_video_static_camera_photo,h264_mov,3000,640,360,72,762fd61bd784ab27222927b6617300736e331519a0cfb96e2ea297abb0e8a308
real/real_0021_h264_mp4_b1ecf181ee83.mp4,real,kaggle_deepfake_and_real_images,image_to_video_static_camera_photo,h264_mp4,3000,640,360,72,b1ecf181ee83cbe71fda0fb68982438bab5bac631aa0fe8962f2915a26801623
real/real_0022_vp9_webm_e2b13d5488d9.webm,real,kaggle_deepfake_and_real_images,image_to_video_static_camera_photo,vp9_webm,3000,640,360,0,e2b13d5488d922234e79aaf98cf77cfde5b85a7c6581a6c7b8d5a9694b7c2a6f
real/real_0023_h264_mov_9ded6bf52d7b.mov,real,kaggle_deepfake_and_real_images,image_to_video_static_camera_photo,h264_mov,3000,640,360,72,9ded6bf52d7bad95e7c89c0e31307d8bcb274b7cee242d1c84e21e9a5eeb1ab6
real/real_0024_h264_mp4_46a63556c2d1.mp4,real,kaggle_deepfake_and_real_images,image_to_video_static_camera_photo,h264_mp4,3000,640,360,72,46a63556c2d10fc3170222f2ec9b5702d054aaaffde60aad88f006dab5093866
real/real_0025_vp9_webm_8641b25186b2.webm,real,kaggle_deepfake_and_real_images,image_to_video_static_camera_photo,vp9_webm,3000,640,360,0,8641b25186b28b9e73018e07884a5d31a079917f930d21d912764cce432fad30
real/real_0026_h264_mov_c2e00daffc8d.mov,real,kaggle_deepfake_and_real_images,image_to_video_static_camera_photo,h264_mov,3000,640,360,72,c2e00daffc8db10d5d1d25ce0b97130150fbff8a0e8090e97a4bdb38aa09f592
real/real_0027_h264_mp4_ee279d9de6ab.mp4,real,kaggle_deepfake_and_real_images,image_to_video_static_camera_photo,h264_mp4,3000,640,360,72,ee279d9de6ab5216f75c21d19f60d310874bbf6b6db8432bb2ddda58f0b082cd
real/real_0028_vp9_webm_9d996c3646e5.webm,real,kaggle_deepfake_and_real_images,image_to_video_static_camera_photo,vp9_webm,3000,640,360,0,9d996c3646e52c279ee7b27b1ebca253a7372a2f252bd46953c3fadee73fa621
real/real_0029_h264_mov_5c6e58b4711b.mov,real,kaggle_deepfake_and_real_images,image_to_video_static_camera_photo,h264_mov,3000,640,360,72,5c6e58b4711baa541931ca818a89cd5ece785e3360f987c73a25f7f8ca52c561
real/real_0030_h264_mp4_38dfa00d8c4b.mp4,real,kaggle_deepfake_and_real_images,image_to_video_static_camera_photo,h264_mp4,3000,640,360,72,38dfa00d8c4b6a4a9242a921d90b015e00d7ca21c2c6555b8026fbff28402357
real/real_0031_vp9_webm_9b855405f8c5.webm,real,kaggle_deepfake_and_real_images,image_to_video_static_camera_photo,vp9_webm,3000,640,360,0,9b855405f8c5085e7654e480259db531d9b1744b303a42c4788318af0199c466
real/real_0032_h264_mov_ec4087b8d95f.mov,real,kaggle_deepfake_and_real_images,image_to_video_static_camera_photo,h264_mov,3000,640,360,72,ec4087b8d95f966515bbbe32a01a19b302fef5d4ed3c4010c83c41a59de40603
real/real_0033_h264_mp4_817ec8c2337b.mp4,real,kaggle_deepfake_and_real_images,image_to_video_static_camera_photo,h264_mp4,3000,640,360,72,817ec8c2337bd9ab8eac603aa40488abce0e0aadef96b9a232593f337b5a835b
real/real_0034_vp9_webm_361120a7dd74.webm,real,kaggle_deepfake_and_real_images,image_to_video_static_camera_photo,vp9_webm,3000,640,360,0,361120a7dd74d9c43e2183b0b703977ff589ae09fe4ad2ad7126a112a924f082
real/real_0035_h264_mov_0db66594a87b.mov,real,kaggle_deepfake_and_real_images,image_to_video_static_camera_photo,h264_mov,3000,640,360,72,0db66594a87beebb11323b2095f42d6ed0df38229beeff7a3986df30097d7022
real/real_0036_h264_mp4_b6155c46b9ea.mp4,real,kaggle_deepfake_and_real_images,image_to_video_static_camera_photo,h264_mp4,3000,640,360,72,b6155c46b9ea2f6a5ec35637f9687eb62785392eb17ba57fcd42c8f90539e80c
real/real_0037_vp9_webm_2f3a66679bf6.webm,real,kaggle_deepfake_and_real_images,image_to_video_static_camera_photo,vp9_webm,3000,640,360,0,2f3a66679bf6edf41dfa56010a24e0c2c0ab47abf0463c83cec75eb3e469d760
real/real_0038_h264_mov_e1a64bd572f7.mov,real,kaggle_deepfake_and_real_images,image_to_video_static_camera_photo,h264_mov,3000,640,360,72,e1a64bd572f79c09d47182e2529bde2a05afb4a03d9012711300b71ed4fa0ceb
real/real_0039_h264_mp4_b6839dd635f7.mp4,real,kaggle_deepfake_and_real_images,image_to_video_static_camera_photo,h264_mp4,3000,640,360,72,b6839dd635f7d6f853b3126306a92b1ad201dfe541211c4a694fe7b15618ebbd
real/real_0040_vp9_webm_7274e2335d09.webm,real,kaggle_deepfake_and_real_images,image_to_video_static_camera_photo,vp9_webm,3000,640,360,0,7274e2335d09d75e640937d028b9d82abf96c2080e9c9174951bb2a514effb06
real/real_0041_h264_mov_6e3e4659a2c1.mov,real,kaggle_deepfake_and_real_images,image_to_video_static_camera_photo,h264_mov,3000,640,360,72,6e3e4659a2c1eccc7b323aa16dc7a054c0a868f288ac197573dec19eeff49a54
real/real_0042_h264_mp4_1fc8a91953d8.mp4,real,kaggle_deepfake_and_real_images,image_to_video_static_camera_photo,h264_mp4,3000,640,360,72,1fc8a91953d8ac03db6012ce73b673348baa74d3bd2ab87fcaf8ab6929d5a5b2
real/real_0043_vp9_webm_16ff46d1d869.webm,real,kaggle_deepfake_and_real_images,image_to_video_static_camera_photo,vp9_webm,3000,640,360,0,16ff46d1d869e75fe1c921f866ce32dc33924c6cd44d2e1d413a33025ce2e684
real/real_0044_h264_mov_8a0dd422db76.mov,real,kaggle_deepfake_and_real_images,image_to_video_static_camera_photo,h264_mov,3000,640,360,72,8a0dd422db762fc684fe0df73d341c2c092fd9a9e9883dc0c6caf53a494c2bd4
real/real_0045_h264_mp4_b6bb12284e1f.mp4,real,kaggle_deepfake_and_real_images,image_to_video_static_camera_photo,h264_mp4,3000,640,360,72,b6bb12284e1fb7f65f2b01ff0f6247875a1492ff7e9655411ad5fb646dc7629f
real/real_0046_vp9_webm_e11a3fb7eff0.webm,real,kaggle_deepfake_and_real_images,image_to_video_static_camera_photo,vp9_webm,3000,640,360,0,e11a3fb7eff05ab23a02b0179f88d7fd95062f8039c07a6d420e1fbde992fdac
real/real_0047_h264_mov_40ee0513bd48.mov,real,kaggle_deepfake_and_real_images,image_to_video_static_camera_photo,h264_mov,3000,640,360,72,40ee0513bd48a496c38d3f174c40956d3c3910d08748faa7c16d8e6e1ab012c9
real/real_0048_h264_mp4_74edae40e63a.mp4,real,kaggle_deepfake_and_real_images,image_to_video_static_camera_photo,h264_mp4,3000,640,360,72,74edae40e63a893fa8275f78e7e0b16a3da533623c0ff887265b18e69c42a15b
real/real_0049_vp9_webm_7cc0f36f79d7.webm,real,kaggle_deepfake_and_real_images,image_to_video_static_camera_photo,vp9_webm,3000,640,360,0,7cc0f36f79d768152abb559b01e20664e439acf270dc2b972c2fffeec2789386
real/real_0050_h264_mov_0b66896c54e0.mov,real,kaggle_deepfake_and_real_images,image_to_video_static_camera_photo,h264_mov,3000,640,360,72,0b66896c54e0355f9c65513d3bba2d16dfe5f15c47e0a1b19508111e26c204fc
real/real_0051_h264_mp4_0b5ee84a1e3d.mp4,real,kaggle_deepfake_and_real_images,image_to_video_static_camera_photo,h264_mp4,3000,640,360,72,0b5ee84a1e3d1b9a709d8baa273266d876f15701811393a5c3c71a64a1033917
real/real_0052_vp9_webm_445c2077f72b.webm,real,kaggle_deepfake_and_real_images,image_to_video_static_camera_photo,vp9_webm,3000,640,360,0,445c2077f72bfd8f899dad3391ba8a180f52b2f41fa72ef6a468c8294ddbf101
real/real_0053_h264_mov_20f5a164a53c.mov,real,kaggle_deepfake_and_real_images,image_to_video_static_camera_photo,h264_mov,3000,640,360,72,20f5a164a53c6a9c28f673faa083310cdee281522d56e8f1e9580a2292285787
real/real_0054_h264_mp4_a5a668b0df9a.mp4,real,kaggle_deepfake_and_real_images,image_to_video_static_camera_photo,h264_mp4,3000,640,360,72,a5a668b0df9a2dc257bddf0fb81224cad768dc8fdf5212e678f2299b35b76ba4
real/real_0055_vp9_webm_1204af96ccb8.webm,real,kaggle_deepfake_and_real_images,image_to_video_static_camera_photo,vp9_webm,3000,640,360,0,1204af96ccb8249dd6b2de54052703b21eaa5307e8b2f5d6c4337b5fa4f19cc7
real/real_0056_h264_mov_164df2bb238d.mov,real,kaggle_deepfake_and_real_images,image_to_video_static_camera_photo,h264_mov,3000,640,360,72,164df2bb238d3802645c00474b7e915a6c7641b65f46edb0114e232eb7278de3
real/real_0057_h264_mp4_95a52159d093.mp4,real,kaggle_deepfake_and_real_images,image_to_video_static_camera_photo,h264_mp4,3000,640,360,72,95a52159d093c7f27a49938e9cb4149a618a4ccd9bded43abd0200c7790c8f92
real/real_0058_vp9_webm_aafa5cef7a61.webm,real,kaggle_deepfake_and_real_images,image_to_video_static_camera_photo,vp9_webm,3000,640,360,0,aafa5cef7a61aa87dab29f5ea12baf50e8591e66b7d8efd535a0321da4fa52b4
real/real_0059_h264_mov_d2b1b46cadf8.mov,real,kaggle_deepfake_and_real_images,image_to_video_static_camera_photo,h264_mov,3000,640,360,72,d2b1b46cadf84e9c641f48ee4a9b42ef278cae838190460f2413a601ca0ae679
real/real_0060_h264_mp4_95c709d721a8.mp4,real,kaggle_deepfake_and_real_images,image_to_video_static_camera_photo,h264_mp4,3000,640,360,72,95c709d721a81fd85ef534328bf65a064a7475366ecdd4f679c5050340fbd285
real/real_0061_vp9_webm_f4fd5f24a680.webm,real,kaggle_deepfake_and_real_images,image_to_video_static_camera_photo,vp9_webm,3000,640,360,0,f4fd5f24a680574894dc80a725b713df225484f7aea5c2b0d54ad920659ea564
real/real_0062_h264_mov_7a4576a303ff.mov,real,kaggle_deepfake_and_real_images,image_to_video_static_camera_photo,h264_mov,3000,640,360,72,7a4576a303ffbac69ee7afad1de81ae1e52d66d24cc98f70f7a8d72b121ffac0
real/real_0063_h264_mp4_898129c9c0a2.mp4,real,kaggle_deepfake_and_real_images,image_to_video_static_camera_photo,h264_mp4,3000,640,360,72,898129c9c0a2c9efdf2e9e9fb784f3b6da838b6192dae0b30746da9635b84205
real/real_0064_vp9_webm_e3bb51d9b29b.webm,real,kaggle_deepfake_and_real_images,image_to_video_static_camera_photo,vp9_webm,3000,640,360,0,e3bb51d9b29ba0c89246cd0dd255e52d9b92b11c9991d573ab82dfdd4d99009a
real/real_0065_h264_mov_9d85005481ba.mov,real,kaggle_deepfake_and_real_images,image_to_video_static_camera_photo,h264_mov,3000,640,360,72,9d85005481ba3c231295765f3305b6b788e821571d0ebfee901e7554122e0893
real/real_0066_h264_mp4_12ec11ddf0af.mp4,real,kaggle_deepfake_and_real_images,image_to_video_static_camera_photo,h264_mp4,3000,640,360,72,12ec11ddf0af5a7efc28c6945ea5b9397badc77c43a8122ab33741f798a694de
real/real_0067_vp9_webm_59853a7fbb98.webm,real,kaggle_deepfake_and_real_images,image_to_video_static_camera_photo,vp9_webm,3000,640,360,0,59853a7fbb98b2e6f6b8f689f9fa8c7f5b3b129fffa6fab2002cf44a07cc8055
real/real_0068_h264_mov_ad1225cbe8ca.mov,real,kaggle_deepfake_and_real_images,image_to_video_static_camera_photo,h264_mov,3000,640,360,72,ad1225cbe8caed18f6588fd26cb0ec34ccfa9bbefd20095e57d6c67835c6fcb3
real/real_0069_h264_mp4_ab76210765c0.mp4,real,kaggle_deepfake_and_real_images,image_to_video_static_camera_photo,h264_mp4,3000,640,360,72,ab76210765c0faa69acdcd3ee616858f920ac2d29a39f0beff84108044494457
real/real_0070_vp9_webm_ceacdedf4381.webm,real,kaggle_deepfake_and_real_images,image_to_video_static_camera_photo,vp9_webm,3000,640,360,0,ceacdedf43819bbe79fddc2644bd7da017a3c459e2608c27ae3c37d615e9f321
real/real_0071_h264_mov_3c926b85076a.mov,real,kaggle_deepfake_and_real_images,image_to_video_static_camera_photo,h264_mov,3000,640,360,72,3c926b85076a397d45d17eca32ec9c100ed9fb31d59ab0e0079d13c8872ed827
real/real_0072_h264_mp4_d5a1314556e0.mp4,real,kaggle_deepfake_and_real_images,image_to_video_static_camera_photo,h264_mp4,3000,640,360,72,d5a1314556e06f7f50fa52c05bfdf42dc51147b9ad99ac9e98a50021f4a52c83
real/real_0073_vp9_webm_d6302d7e85ef.webm,real,kaggle_deepfake_and_real_images,image_to_video_static_camera_photo,vp9_webm,3000,640,360,0,d6302d7e85efb49609c963a1c05bc1e36ae2a08b64cb967f4b0ff0e206cf60de
real/real_0074_h264_mov_ecc3877dffec.mov,real,kaggle_deepfake_and_real_images,image_to_video_static_camera_photo,h264_mov,3000,640,360,72,ecc3877dffec79c90140f03b140b6b7ef61af87913b23bbb7c136c835a728902
real/real_0075_h264_mp4_bd35ab7fc52e.mp4,real,kaggle_deepfake_and_real_images,image_to_video_static_camera_photo,h264_mp4,3000,640,360,72,bd35ab7fc52e481fc16da3d814885e73cb7b8415f0204c794ae24342ab536317
real/real_0076_vp9_webm_5c4b12fb7d7e.webm,real,kaggle_deepfake_and_real_images,image_to_video_static_camera_photo,vp9_webm,3000,640,360,0,5c4b12fb7d7e70e86e5bea3ec4e800787f40c15653458c99f4b9237da05b161c
real/real_0077_h264_mov_d4b552ce8aac.mov,real,kaggle_deepfake_and_real_images,image_to_video_static_camera_photo,h264_mov,3000,640,360,72,d4b552ce8aac7be173ea10075477d2aef4b27d0e3020a03a83d6e3528c489f1c
real/real_0078_h264_mp4_18a34d54f52c.mp4,real,kaggle_deepfake_and_real_images,image_to_video_static_camera_photo,h264_mp4,3000,640,360,72,18a34d54f52caca72a42174628ebb4568e9be8f1448f9d671b449e08f68c7d7f
real/real_0079_vp9_webm_b94af392427e.webm,real,kaggle_deepfake_and_real_images,image_to_video_static_camera_photo,vp9_webm,3000,640,360,0,b94af392427e75ff4606789ac1ca3f27c990c8795cbfbf85c8c238c20cb86f72
real/real_0080_h264_mov_e071c825f995.mov,real,kaggle_deepfake_and_real_images,image_to_video_static_camera_photo,h264_mov,3000,640,360,72,e071c825f995c3c0203763db2ba2ed4d719a22f3999ce6107630eb240c6fc5f6
real/real_0081_h264_mp4_0dfde07b1b9d.mp4,real,kaggle_deepfake_and_real_images,image_to_video_static_camera_photo,h264_mp4,3000,640,360,72,0dfde07b1b9d01798cfa17c913ea2f3b50ffe8034379dc220ff0711f58e90d1e
real/real_0082_vp9_webm_9bc781e24690.webm,real,kaggle_deepfake_and_real_images,image_to_video_static_camera_photo,vp9_webm,3000,640,360,0,9bc781e24690d1304892b825f9f392b2a5b55facf0f8be3b5794753fbc52b047
real/real_0083_h264_mov_0b01c0cecff9.mov,real,kaggle_deepfake_and_real_images,image_to_video_static_camera_photo,h264_mov,3000,640,360,72,0b01c0cecff9a0979258e241c05251ddf1371d2587213f4d1c4baaa86ba960f3
real/real_0084_h264_mp4_ee74077572ee.mp4,real,kaggle_deepfake_and_real_images,image_to_video_static_camera_photo,h264_mp4,3000,640,360,72,ee74077572ee841776c0d353487df70dcdd0d6f673b75a7c23383a0fae958c1f
real/real_0085_vp9_webm_94a3aa686f17.webm,real,kaggle_deepfake_and_real_images,image_to_video_static_camera_photo,vp9_webm,3000,640,360,0,94a3aa686f17d8859883aa847f68aaf6dd0ff753e4da3f3cc9b998b04dac5744
real/real_0086_h264_mov_7ec11aff219f.mov,real,kaggle_deepfake_and_real_images,image_to_video_static_camera_photo,h264_mov,3000,640,360,72,7ec11aff219f6334360030603f4868b4ccacaaf7521d33bf15fc5feec57d7909
real/real_0087_h264_mp4_6724b64e9eed.mp4,real,kaggle_deepfake_and_real_images,image_to_video_static_camera_photo,h264_mp4,3000,640,360,72,6724b64e9eed4027d30a1a594a49c2edd768fb0becaf501ffed3827f33b5704f
real/real_0088_vp9_webm_2b911298245d.webm,real,kaggle_deepfake_and_real_images,image_to_video_static_camera_photo,vp9_webm,3000,640,360,0,2b911298245d538820145191e708b1d213b929755cf6d8795fdd17c7bae1103c
real/real_0089_h264_mov_84d1b171de60.mov,real,kaggle_deepfake_and_real_images,image_to_video_static_camera_photo,h264_mov,3000,640,360,72,84d1b171de60b6781a1ff3d2ecf416a8b4dd36aeb7fb7f363999ce356b2aeb3a
real/real_0090_h264_mp4_2fa46e3ec26c.mp4,real,kaggle_deepfake_and_real_images,image_to_video_static_camera_photo,h264_mp4,3000,640,360,72,2fa46e3ec26c8657eb7a09caba400f824f19a08fcf459947ac8ca7b905e816c5
real/real_0091_vp9_webm_bb3c4e0a410e.webm,real,kaggle_deepfake_and_real_images,image_to_video_static_camera_photo,vp9_webm,3000,640,360,0,bb3c4e0a410edd5333c8787f9e18837b72b22cca8782d8912d109137740c67d2
real/real_0092_h264_mov_4bc1016adc15.mov,real,kaggle_deepfake_and_real_images,image_to_video_static_camera_photo,h264_mov,3000,640,360,72,4bc1016adc15ebc836cbbb43ae899362d002f5c383b830c1a859b1377e8e35e7
real/real_0093_h264_mp4_5c053557425f.mp4,real,kaggle_deepfake_and_real_images,image_to_video_static_camera_photo,h264_mp4,3000,640,360,72,5c053557425fdef26f9568bdfbbfc5a2b838c4447709efc98dc1abeb69e056cf
real/real_0094_vp9_webm_f9b07c54c4d4.webm,real,kaggle_deepfake_and_real_images,image_to_video_static_camera_photo,vp9_webm,3000,640,360,0,f9b07c54c4d4c5c626f4d793b353f4e4218b4e68e617f3c0d6117bb778dcc342
real/real_0095_h264_mov_602273fc85ef.mov,real,kaggle_deepfake_and_real_images,image_to_video_static_camera_photo,h264_mov,3000,640,360,72,602273fc85ef54d188d960641636e04f20ed83856965876bf56cc66177fc8de9
real/real_0096_h264_mp4_29f02b5ec47e.mp4,real,kaggle_deepfake_and_real_images,image_to_video_static_camera_photo,h264_mp4,3000,640,360,72,29f02b5ec47ee87219426022b095d96e10e65534dc8eeb6a737e1b27bf9bc243
real/real_0097_vp9_webm_90dd3fb04b30.webm,real,kaggle_deepfake_and_real_images,image_to_video_static_camera_photo,vp9_webm,3000,640,360,0,90dd3fb04b307171e645ed483c4e7d0a465c4b3452bf1072c5f4d21d7c8bfe93
real/real_0098_h264_mov_50e886ba1737.mov,real,kaggle_deepfake_and_real_images,image_to_video_static_camera_photo,h264_mov,3000,640,360,72,50e886ba173724bb5ee0b6e84a158c2e1dc93c10c5cc21e8b838de957f5521fd
real/real_0099_h264_mp4_e3d5603c6de0.mp4,real,kaggle_deepfake_and_real_images,image_to_video_static_camera_photo,h264_mp4,3000,640,360,72,e3d5603c6de0a9514d9dfa6cf92f34deca2277b49d15afb4da1f3dcd8eddacb4
synthetic/synthetic_0000_h264_mp4_04bb36adc7a3.mp4,synthetic,kaggle_deepfake_and_real_images,image_to_video_static_gan_or_diffusion,h264_mp4,3000,640,360,72,04bb36adc7a36c1bfed61ad73be067128b02bd54ca7e68bcf145443c3f99672e
synthetic/synthetic_0001_vp9_webm_31d762bfddc7.webm,synthetic,kaggle_deepfake_and_real_images,image_to_video_static_gan_or_diffusion,vp9_webm,3000,640,360,0,31d762bfddc73b4b1e2241b1149d5bb65e6af889089a9dde1101fdf00c14c6fb
synthetic/synthetic_0002_h264_mov_c6058697602e.mov,synthetic,kaggle_deepfake_and_real_images,image_to_video_static_gan_or_diffusion,h264_mov,3000,640,360,72,c6058697602e49f5a1021c3bcf06e7323f11c3335aa6a8da648e727c148ea9aa
synthetic/synthetic_0003_h264_mp4_9b0266be7a11.mp4,synthetic,kaggle_deepfake_and_real_images,image_to_video_static_gan_or_diffusion,h264_mp4,3000,640,360,72,9b0266be7a1129e5e951117223c1bd0bf822e3acfec23bc2a407e633ae0b5989
synthetic/synthetic_0004_vp9_webm_19d20fa8bba3.webm,synthetic,kaggle_deepfake_and_real_images,image_to_video_static_gan_or_diffusion,vp9_webm,3000,640,360,0,19d20fa8bba30abe1f9ad89eb0237dd3a265d693e0a3d0ed5e45ec1b04100188
synthetic/synthetic_0005_h264_mov_43c534eac8f3.mov,synthetic,kaggle_deepfake_and_real_images,image_to_video_static_gan_or_diffusion,h264_mov,3000,640,360,72,43c534eac8f3535613a7762e854cd30d0ce662e3c9943003a0766ce7c84f5f3e
synthetic/synthetic_0006_h264_mp4_491fec617d38.mp4,synthetic,kaggle_deepfake_and_real_images,image_to_video_static_gan_or_diffusion,h264_mp4,3000,640,360,72,491fec617d383c0a929e3333096ffecff95be9d40f36be87174c71881379c33b
synthetic/synthetic_0007_vp9_webm_72422449736c.webm,synthetic,kaggle_deepfake_and_real_images,image_to_video_static_gan_or_diffusion,vp9_webm,3000,640,360,0,72422449736c1adb37f5c4c07aa810bac953a20cbe8fbe8bb298fee062a65e9c
synthetic/synthetic_0008_h264_mov_fceb3dc31301.mov,synthetic,kaggle_deepfake_and_real_images,image_to_video_static_gan_or_diffusion,h264_mov,3000,640,360,72,fceb3dc3130130c0cb8404481b44f73d34174bec4ccac7dc34ed0d7a131f16e5
synthetic/synthetic_0009_h264_mp4_4b0e6cc23e9c.mp4,synthetic,kaggle_deepfake_and_real_images,image_to_video_static_gan_or_diffusion,h264_mp4,3000,640,360,72,4b0e6cc23e9c832f7f1c560193d29e827c7f71086a198864218e0dcf8063a466
synthetic/synthetic_0010_vp9_webm_69bef4dff092.webm,synthetic,kaggle_deepfake_and_real_images,image_to_video_static_gan_or_diffusion,vp9_webm,3000,640,360,0,69bef4dff092a767504e08bf91373879a0725f25d028b86273e678eba3db9d36
synthetic/synthetic_0011_h264_mov_387331d50e80.mov,synthetic,kaggle_deepfake_and_real_images,image_to_video_static_gan_or_diffusion,h264_mov,3000,640,360,72,387331d50e808c464d5fee8d1099deb15ed12247dd4ac846d50811cc48aed651
synthetic/synthetic_0012_h264_mp4_1f3f732cc39d.mp4,synthetic,kaggle_deepfake_and_real_images,image_to_video_static_gan_or_diffusion,h264_mp4,3000,640,360,72,1f3f732cc39db305602d8465aa3faf3a984de37db0cf28d5f2beb2108d11bbc0
synthetic/synthetic_0013_vp9_webm_3d4d85e48e59.webm,synthetic,kaggle_deepfake_and_real_images,image_to_video_static_gan_or_diffusion,vp9_webm,3000,640,360,0,3d4d85e48e59037a30e0e0f1362b8f49869b797059ff1c6afcf71582da1b9759
synthetic/synthetic_0014_h264_mov_4ccfae73ea25.mov,synthetic,kaggle_deepfake_and_real_images,image_to_video_static_gan_or_diffusion,h264_mov,3000,640,360,72,4ccfae73ea25bcfb90fed547642413a65b678188980d58a58edeff4ab4f2bc24
synthetic/synthetic_0015_h264_mp4_bd39142332b7.mp4,synthetic,kaggle_deepfake_and_real_images,image_to_video_static_gan_or_diffusion,h264_mp4,3000,640,360,72,bd39142332b72b50ab13ab3ef310b3d73c090134ffde995a6afed537430d2303
synthetic/synthetic_0016_vp9_webm_1f49ab4804fc.webm,synthetic,kaggle_deepfake_and_real_images,image_to_video_static_gan_or_diffusion,vp9_webm,3000,640,360,0,1f49ab4804fce1664814e9c1032dde9aa7908957812b30745df7602b48b55f8b
synthetic/synthetic_0017_h264_mov_0b6526422d1f.mov,synthetic,kaggle_deepfake_and_real_images,image_to_video_static_gan_or_diffusion,h264_mov,3000,640,360,72,0b6526422d1f7fbefa4e27f0beb991b4f057b8ffa38e060d6809289c9c719d21
synthetic/synthetic_0018_h264_mp4_fcc0592188e3.mp4,synthetic,kaggle_deepfake_and_real_images,image_to_video_static_gan_or_diffusion,h264_mp4,3000,640,360,72,fcc0592188e3f71cbda8da29c32cf5d4dbab6dc375a12ca8c55618356c772d53
synthetic/synthetic_0019_vp9_webm_969be430f6e8.webm,synthetic,kaggle_deepfake_and_real_images,image_to_video_static_gan_or_diffusion,vp9_webm,3000,640,360,0,969be430f6e8781ee2b0dbada87a2d0ce6e71a427e51067c1d93b32f9fa9c619
synthetic/synthetic_0020_h264_mov_f26ff03bd879.mov,synthetic,kaggle_deepfake_and_real_images,image_to_video_static_gan_or_diffusion,h264_mov,3000,640,360,72,f26ff03bd8796ecb0c77a4d6962cfaebb0d52800cf076d6e3793074675c9809a
synthetic/synthetic_0021_h264_mp4_7ec39a56d3cd.mp4,synthetic,kaggle_deepfake_and_real_images,image_to_video_static_gan_or_diffusion,h264_mp4,3000,640,360,72,7ec39a56d3cddb0fb8d55f34faac999320d2486c7c524bee30253c915877770f
synthetic/synthetic_0022_vp9_webm_6f5797ab513b.webm,synthetic,kaggle_deepfake_and_real_images,image_to_video_static_gan_or_diffusion,vp9_webm,3000,640,360,0,6f5797ab513bb47779652793a61fba4835b6f12ffdc6d05ed0d15fad87a5c0be
synthetic/synthetic_0023_h264_mov_f72e53a0b117.mov,synthetic,kaggle_deepfake_and_real_images,image_to_video_static_gan_or_diffusion,h264_mov,3000,640,360,72,f72e53a0b117161116d07f24c4bfe84d57175c7cc2200deb941bcdab41c1d18a
synthetic/synthetic_0024_h264_mp4_7f326e020688.mp4,synthetic,kaggle_deepfake_and_real_images,image_to_video_static_gan_or_diffusion,h264_mp4,3000,640,360,72,7f326e0206888282a5079b611d59b225d70bd2574ea94ad5565054265e053c68
synthetic/synthetic_0025_vp9_webm_9f6c1c18d1a5.webm,synthetic,kaggle_deepfake_and_real_images,image_to_video_static_gan_or_diffusion,vp9_webm,3000,640,360,0,9f6c1c18d1a5879064bc8909511f55d23a6cf4d043b863a4c4ad9dda6f5f6334
synthetic/synthetic_0026_h264_mov_e852c0e21b3e.mov,synthetic,kaggle_deepfake_and_real_images,image_to_video_static_gan_or_diffusion,h264_mov,3000,640,360,72,e852c0e21b3e31dee2abcf1bdb8024c9a542fd3a21ec07db04de5038b826c677
synthetic/synthetic_0027_h264_mp4_d1a704006a65.mp4,synthetic,kaggle_deepfake_and_real_images,image_to_video_static_gan_or_diffusion,h264_mp4,3000,640,360,72,d1a704006a650dbc22ad8b46f9ffc14e1a3227a86fe11c4d0d25437c925066e9
synthetic/synthetic_0028_vp9_webm_53a7d1087255.webm,synthetic,kaggle_deepfake_and_real_images,image_to_video_static_gan_or_diffusion,vp9_webm,3000,640,360,0,53a7d1087255b6fd097df43e7c58f730e6b1c490fdca730d98d1d4bf9704bb4c
synthetic/synthetic_0029_h264_mov_2e91b7c5968d.mov,synthetic,kaggle_deepfake_and_real_images,image_to_video_static_gan_or_diffusion,h264_mov,3000,640,360,72,2e91b7c5968dbd653ce34547d2ce5219641e034ffacf9bd362e6833f5e012304
synthetic/synthetic_0030_h264_mp4_84c2b2fd11ed.mp4,synthetic,kaggle_deepfake_and_real_images,image_to_video_static_gan_or_diffusion,h264_mp4,3000,640,360,72,84c2b2fd11edeffe809f811195bee265ec1d6e1ba07a411dcb6950a78f32b5d9
synthetic/synthetic_0031_vp9_webm_fd5d4298a5b3.webm,synthetic,kaggle_deepfake_and_real_images,image_to_video_static_gan_or_diffusion,vp9_webm,3000,640,360,0,fd5d4298a5b37102ffa3cacff7ea00ab7d522766a8b4e79b9c37313988d41df0
synthetic/synthetic_0032_h264_mov_0f395bfd003e.mov,synthetic,kaggle_deepfake_and_real_images,image_to_video_static_gan_or_diffusion,h264_mov,3000,640,360,72,0f395bfd003eb079168e019694b7d162b86f365b3f92fd566f53c2afc27184e6
synthetic/synthetic_0033_h264_mp4_b6aad8a8d523.mp4,synthetic,kaggle_deepfake_and_real_images,image_to_video_static_gan_or_diffusion,h264_mp4,3000,640,360,72,b6aad8a8d5233e4baac54abcc4ded68cd6ec26c1e8bb54e55fc67452dbc3293d
synthetic/synthetic_0034_vp9_webm_75473756a4e7.webm,synthetic,kaggle_deepfake_and_real_images,image_to_video_static_gan_or_diffusion,vp9_webm,3000,640,360,0,75473756a4e7c1299a515ac6a8b44a25d5f22ed05eca5c987fbc06da588c7fe1
synthetic/synthetic_0035_h264_mov_3974f8133af6.mov,synthetic,kaggle_deepfake_and_real_images,image_to_video_static_gan_or_diffusion,h264_mov,3000,640,360,72,3974f8133af640ad6b35b5c16c6379f88fc3467261c1c6465006221ea22d72c3
synthetic/synthetic_0036_h264_mp4_add18b725ec1.mp4,synthetic,kaggle_deepfake_and_real_images,image_to_video_static_gan_or_diffusion,h264_mp4,3000,640,360,72,add18b725ec19a9c38b30b3ee474311f9e7226ae032fcf701262f0256f7f7ebe
synthetic/synthetic_0037_vp9_webm_9ecaa2ac4c5e.webm,synthetic,kaggle_deepfake_and_real_images,image_to_video_static_gan_or_diffusion,vp9_webm,3000,640,360,0,9ecaa2ac4c5e51221a2efd638b6aa2083e762c1e9eadde8281ae68510b84655e
synthetic/synthetic_0038_h264_mov_ffd6f2faf717.mov,synthetic,kaggle_deepfake_and_real_images,image_to_video_static_gan_or_diffusion,h264_mov,3000,640,360,72,ffd6f2faf717865c753587ff2ad6677daa95d73f6807a9eba0386fde48a31509
synthetic/synthetic_0039_h264_mp4_d111e5213f0c.mp4,synthetic,kaggle_deepfake_and_real_images,image_to_video_static_gan_or_diffusion,h264_mp4,3000,640,360,72,d111e5213f0cf61f43c39f7f40d37456f50ce3c33c2d2f4e4752b13ec7497f33
synthetic/synthetic_0040_vp9_webm_0d4838a3faf5.webm,synthetic,kaggle_deepfake_and_real_images,image_to_video_static_gan_or_diffusion,vp9_webm,3000,640,360,0,0d4838a3faf5297ea7322192cc7ba852fabfb224ffbdf9da8e3d59d03f8a03e4
synthetic/synthetic_0041_h264_mov_7feeb110a7c4.mov,synthetic,kaggle_deepfake_and_real_images,image_to_video_static_gan_or_diffusion,h264_mov,3000,640,360,72,7feeb110a7c4adf99c68213f96c97f6751f5028c9b24abe75073d9b2a6a8454b
synthetic/synthetic_0042_h264_mp4_6f7c4051aab7.mp4,synthetic,kaggle_deepfake_and_real_images,image_to_video_static_gan_or_diffusion,h264_mp4,3000,640,360,72,6f7c4051aab74e638fa73f50f16af818c3d0363441bcb6d040c5a0bdf2b4e272
synthetic/synthetic_0043_vp9_webm_3bcefc0bed1e.webm,synthetic,kaggle_deepfake_and_real_images,image_to_video_static_gan_or_diffusion,vp9_webm,3000,640,360,0,3bcefc0bed1e0c457ce1661eb4d90dba67c999f7463f59066f66d4510bf1d2c6
synthetic/synthetic_0044_h264_mov_aa8ef2394ba2.mov,synthetic,kaggle_deepfake_and_real_images,image_to_video_static_gan_or_diffusion,h264_mov,3000,640,360,72,aa8ef2394ba26cfe843586cc46f7b3c0055f01e067e1072c939903de206042f7
synthetic/synthetic_0045_h264_mp4_1323f821d54a.mp4,synthetic,kaggle_deepfake_and_real_images,image_to_video_static_gan_or_diffusion,h264_mp4,3000,640,360,72,1323f821d54a55d3116a9c6cecaecebc24aeae2f737cf05253a0883b13498441
synthetic/synthetic_0046_vp9_webm_6b8318c8728d.webm,synthetic,kaggle_deepfake_and_real_images,image_to_video_static_gan_or_diffusion,vp9_webm,3000,640,360,0,6b8318c8728d22689993fff278da372b798c42be86409a7101ca70c459ad2222
synthetic/synthetic_0047_h264_mov_dda82d2f6519.mov,synthetic,kaggle_deepfake_and_real_images,image_to_video_static_gan_or_diffusion,h264_mov,3000,640,360,72,dda82d2f65193488dd501985e4cf0f43fe126962eda2976d7f4d299ba6ee62a9
synthetic/synthetic_0048_h264_mp4_488a9fcc81cb.mp4,synthetic,kaggle_deepfake_and_real_images,image_to_video_static_gan_or_diffusion,h264_mp4,3000,640,360,72,488a9fcc81cb58ef42613350210c78e7984f44b294deda3ad42bd17e569a9813
synthetic/synthetic_0049_vp9_webm_84573eb99f9d.webm,synthetic,kaggle_deepfake_and_real_images,image_to_video_static_gan_or_diffusion,vp9_webm,3000,640,360,0,84573eb99f9d733d5c74d00b85fb2e06a1cdc77c4bbfc401b9037ff63321a630
synthetic/synthetic_0050_h264_mov_98daa4abb2ff.mov,synthetic,kaggle_deepfake_and_real_images,image_to_video_static_gan_or_diffusion,h264_mov,3000,640,360,72,98daa4abb2fffe3ff2af7eef72d6649fc7d5f3da687bc7d37afd60bee78e7ca4
synthetic/synthetic_0051_h264_mp4_1f86522d2960.mp4,synthetic,kaggle_deepfake_and_real_images,image_to_video_static_gan_or_diffusion,h264_mp4,3000,640,360,72,1f86522d296069b87309d4e7db82b74959eb1bf351513cc4891f48ff05ef0165
synthetic/synthetic_0052_vp9_webm_a2bcbe352163.webm,synthetic,kaggle_deepfake_and_real_images,image_to_video_static_gan_or_diffusion,vp9_webm,3000,640,360,0,a2bcbe35216365b9917b69591a6adb9df096ea7558f85f5fac8abcc3c9837ba8
synthetic/synthetic_0053_h264_mov_a19f415602f3.mov,synthetic,kaggle_deepfake_and_real_images,image_to_video_static_gan_or_diffusion,h264_mov,3000,640,360,72,a19f415602f3cbd37264d06308068b2d6455e387a3dc6fa60f2a8e070162aab4
synthetic/synthetic_0054_h264_mp4_ef627891755f.mp4,synthetic,kaggle_deepfake_and_real_images,image_to_video_static_gan_or_diffusion,h264_mp4,3000,640,360,72,ef627891755fecc3bd09d964bccb07f9aa0f773287bd957827a9530d8bf6892a
synthetic/synthetic_0055_vp9_webm_e651e36b7ea0.webm,synthetic,kaggle_deepfake_and_real_images,image_to_video_static_gan_or_diffusion,vp9_webm,3000,640,360,0,e651e36b7ea03d3141347971d12c6cc63e615e8968035801d50e52c1e4816570
synthetic/synthetic_0056_h264_mov_7d6a4469cf27.mov,synthetic,kaggle_deepfake_and_real_images,image_to_video_static_gan_or_diffusion,h264_mov,3000,640,360,72,7d6a4469cf274c2a402ab00f1bcb0ded63fa65b09eeb08bd683d218c92851c55
synthetic/synthetic_0057_h264_mp4_2ac7f1107db7.mp4,synthetic,kaggle_deepfake_and_real_images,image_to_video_static_gan_or_diffusion,h264_mp4,3000,640,360,72,2ac7f1107db7529a7c831cf7ae9fb1d6e9db50fb2139a820631ab89832e42c61
synthetic/synthetic_0058_vp9_webm_b69784a59829.webm,synthetic,kaggle_deepfake_and_real_images,image_to_video_static_gan_or_diffusion,vp9_webm,3000,640,360,0,b69784a598293609b729aa0b18e96ada201170612106bce4ecbd9af0cf633867
synthetic/synthetic_0059_h264_mov_b13ceafd790e.mov,synthetic,kaggle_deepfake_and_real_images,image_to_video_static_gan_or_diffusion,h264_mov,3000,640,360,72,b13ceafd790e8f5b6b38853e85cd18a4dcf4edbbcd895db937d00d4c40da956c
synthetic/synthetic_0060_h264_mp4_ad2113b804e7.mp4,synthetic,kaggle_deepfake_and_real_images,image_to_video_static_gan_or_diffusion,h264_mp4,3000,640,360,72,ad2113b804e7e12b8a0ba8df7a2b2ee731ea0bd9394de238bc2080af639c2f62
synthetic/synthetic_0061_vp9_webm_f64bd38546f2.webm,synthetic,kaggle_deepfake_and_real_images,image_to_video_static_gan_or_diffusion,vp9_webm,3000,640,360,0,f64bd38546f2ccddee5dfa40753cf8cf2cd665b46460417b56add60eca09ccc7
synthetic/synthetic_0062_h264_mov_2d00df027d98.mov,synthetic,kaggle_deepfake_and_real_images,image_to_video_static_gan_or_diffusion,h264_mov,3000,640,360,72,2d00df027d98bb7f5f6ac78eb3fd9e569185a42204ff288bc49edd19cb63d0c4
synthetic/synthetic_0063_h264_mp4_5a89281076a7.mp4,synthetic,kaggle_deepfake_and_real_images,image_to_video_static_gan_or_diffusion,h264_mp4,3000,640,360,72,5a89281076a751ac0419b9a13932e199e2a2dc30a057f9fb0abb43a545eff604
synthetic/synthetic_0064_vp9_webm_f97b42a07d4b.webm,synthetic,kaggle_deepfake_and_real_images,image_to_video_static_gan_or_diffusion,vp9_webm,3000,640,360,0,f97b42a07d4bb24017ea94ba9bef92c367aa3040ca533c60190dbe3b63de93d8
synthetic/synthetic_0065_h264_mov_87737b6ba949.mov,synthetic,kaggle_deepfake_and_real_images,image_to_video_static_gan_or_diffusion,h264_mov,3000,640,360,72,87737b6ba94934e5d9498b35f31cf09f320a7647194843941eebf894542caaa7
synthetic/synthetic_0066_h264_mp4_a7579444856b.mp4,synthetic,kaggle_deepfake_and_real_images,image_to_video_static_gan_or_diffusion,h264_mp4,3000,640,360,72,a7579444856bc3266738ceee372b45d9d645650410cb6401d1b2d7ae543fc047
synthetic/synthetic_0067_vp9_webm_d3439fce4004.webm,synthetic,kaggle_deepfake_and_real_images,image_to_video_static_gan_or_diffusion,vp9_webm,3000,640,360,0,d3439fce40040af72cdda19727a70e6676e82aa1ea729ac56928e9aa809a9472
synthetic/synthetic_0068_h264_mov_222e9abe646f.mov,synthetic,kaggle_deepfake_and_real_images,image_to_video_static_gan_or_diffusion,h264_mov,3000,640,360,72,222e9abe646fec137207a53cc3b35bfc72ebe8fc91c4e1efa3a83ae4a40ed6f2
synthetic/synthetic_0069_h264_mp4_764ca8ba0a02.mp4,synthetic,kaggle_deepfake_and_real_images,image_to_video_static_gan_or_diffusion,h264_mp4,3000,640,360,72,764ca8ba0a02730bd33761bd5caf52bbe3e2ddeaaf3ce95f41f95b8e2dd7aaff
synthetic/synthetic_0070_vp9_webm_bb22e7a4a33b.webm,synthetic,kaggle_deepfake_and_real_images,image_to_video_static_gan_or_diffusion,vp9_webm,3000,640,360,0,bb22e7a4a33b0271eae11a7f875cde313e50f7c6136e65ec8b29b113b0f7e9ab
synthetic/synthetic_0071_h264_mov_0f6f61512955.mov,synthetic,kaggle_deepfake_and_real_images,image_to_video_static_gan_or_diffusion,h264_mov,3000,640,360,72,0f6f61512955697b6d390eab16fdde9b77cc2163ad4b75ed7ba32783b6396d0b
synthetic/synthetic_0072_h264_mp4_fe120bbf4722.mp4,synthetic,kaggle_deepfake_and_real_images,image_to_video_static_gan_or_diffusion,h264_mp4,3000,640,360,72,fe120bbf4722c12d4a3700f6726b582896c3f83de428b4734209b5f92911c46b
synthetic/synthetic_0073_vp9_webm_aacbea12616e.webm,synthetic,kaggle_deepfake_and_real_images,image_to_video_static_gan_or_diffusion,vp9_webm,3000,640,360,0,aacbea12616efdcb96486b39b9021e11ca173d80f89df1a16b54820e58d51bd7
synthetic/synthetic_0074_h264_mov_57ab3483269a.mov,synthetic,kaggle_deepfake_and_real_images,image_to_video_static_gan_or_diffusion,h264_mov,3000,640,360,72,57ab3483269a277d95f045b403dbdb1bd2bb7abc4fc17b4a3477addda2b83f25
synthetic/synthetic_0075_h264_mp4_42dc8f11ccec.mp4,synthetic,kaggle_deepfake_and_real_images,image_to_video_static_gan_or_diffusion,h264_mp4,3000,640,360,72,42dc8f11ccecb7ac8072e0dc4c3d40d16b05844f959b12921e2f772f157ead20
synthetic/synthetic_0076_vp9_webm_e8c0b0a2bb60.webm,synthetic,kaggle_deepfake_and_real_images,image_to_video_static_gan_or_diffusion,vp9_webm,3000,640,360,0,e8c0b0a2bb60e546e01888970d44ffcaad0cd6ca353634b4c25f9dcd942e6f12
synthetic/synthetic_0077_h264_mov_c4c2a15f6c87.mov,synthetic,kaggle_deepfake_and_real_images,image_to_video_static_gan_or_diffusion,h264_mov,3000,640,360,72,c4c2a15f6c8781fba38f93c8e3de142bd1ebbc84da6f0107814ef03cd5eadebe
synthetic/synthetic_0078_h264_mp4_c782b2ca3cec.mp4,synthetic,kaggle_deepfake_and_real_images,image_to_video_static_gan_or_diffusion,h264_mp4,3000,640,360,72,c782b2ca3cec8a75eaad1236921af43bc6593da7d835bf9cdf70909866640fdc
synthetic/synthetic_0079_vp9_webm_bc149cfde1c5.webm,synthetic,kaggle_deepfake_and_real_images,image_to_video_static_gan_or_diffusion,vp9_webm,3000,640,360,0,bc149cfde1c5dd93e449fd55c844fbb508b73680ec21aa194881c417ca6aae28
synthetic/synthetic_0080_h264_mov_16cdcd99c4d8.mov,synthetic,kaggle_deepfake_and_real_images,image_to_video_static_gan_or_diffusion,h264_mov,3000,640,360,72,16cdcd99c4d83254d745a08c0c99235a5dea861fff38856d10475d05526808c2
synthetic/synthetic_0081_h264_mp4_8870a0868d73.mp4,synthetic,kaggle_deepfake_and_real_images,image_to_video_static_gan_or_diffusion,h264_mp4,3000,640,360,72,8870a0868d73fc16a5301879850047e40b82c0e2d2c239318feeb03829c36976
synthetic/synthetic_0082_vp9_webm_a0afb1c069c9.webm,synthetic,kaggle_deepfake_and_real_images,image_to_video_static_gan_or_diffusion,vp9_webm,3000,640,360,0,a0afb1c069c93c87eb9e1e26133a664515e04df4d4a8d975f6a59069ab9ca71c
synthetic/synthetic_0083_h264_mov_922ea4275b25.mov,synthetic,kaggle_deepfake_and_real_images,image_to_video_static_gan_or_diffusion,h264_mov,3000,640,360,72,922ea4275b257ebc85fc1fb56e9ca66a57ccc7da41cef3333cd4727ae87f556a
synthetic/synthetic_0084_h264_mp4_04f5770cdf0f.mp4,synthetic,kaggle_deepfake_and_real_images,image_to_video_static_gan_or_diffusion,h264_mp4,3000,640,360,72,04f5770cdf0f656786fa273fdb88d52a57e80db0f26a1f4b1daf83fc0592c8cb
synthetic/synthetic_0085_vp9_webm_2ebf95ce6291.webm,synthetic,kaggle_deepfake_and_real_images,image_to_video_static_gan_or_diffusion,vp9_webm,3000,640,360,0,2ebf95ce62916034c3dbaa59c2db47432a19d3cdb38c38ea53f8e0bcbf48ac96
synthetic/synthetic_0086_h264_mov_dff7185eba4c.mov,synthetic,kaggle_deepfake_and_real_images,image_to_video_static_gan_or_diffusion,h264_mov,3000,640,360,72,dff7185eba4ce53a503d077fdfec66c0044b0c129d8d73055bef8bc6d06eb379
synthetic/synthetic_0087_h264_mp4_7dd05c2433ed.mp4,synthetic,kaggle_deepfake_and_real_images,image_to_video_static_gan_or_diffusion,h264_mp4,3000,640,360,72,7dd05c2433edf8446b78fa92815e1c012db415c666d05c458809dce290c853ad
synthetic/synthetic_0088_vp9_webm_f9b7fc5767af.webm,synthetic,kaggle_deepfake_and_real_images,image_to_video_static_gan_or_diffusion,vp9_webm,3000,640,360,0,f9b7fc5767afa975de63f931df7e22cb7c53c8007f525f29afc199fdb4ae0897
synthetic/synthetic_0089_h264_mov_bac378d69ac9.mov,synthetic,kaggle_deepfake_and_real_images,image_to_video_static_gan_or_diffusion,h264_mov,3000,640,360,72,bac378d69ac951dafc3fff282c1f9320d44f719ce10851729dfd8534cec44920
synthetic/synthetic_0090_h264_mp4_8452aacdd98f.mp4,synthetic,kaggle_deepfake_and_real_images,image_to_video_static_gan_or_diffusion,h264_mp4,3000,640,360,72,8452aacdd98f63a102a0a50bbd633244982cbbad18eef8d2180c9f1f8e04d2f7
synthetic/synthetic_0091_vp9_webm_1eab6a30efed.webm,synthetic,kaggle_deepfake_and_real_images,image_to_video_static_gan_or_diffusion,vp9_webm,3000,640,360,0,1eab6a30efedd8350d7e79a635b09934f5b9275cef1bf3b9e227ecbc08d936b0
synthetic/synthetic_0092_h264_mov_8b1ee1fea88c.mov,synthetic,kaggle_deepfake_and_real_images,image_to_video_static_gan_or_diffusion,h264_mov,3000,640,360,72,8b1ee1fea88c01beee7f948999cfc0d253b0a4689288bd4c4d3d35a42cfb48fb
synthetic/synthetic_0093_h264_mp4_8d816e9076c6.mp4,synthetic,kaggle_deepfake_and_real_images,image_to_video_static_gan_or_diffusion,h264_mp4,3000,640,360,72,8d816e9076c684c832821b11eee7bf6accedd002e2dfff3843f5085b9a05d4b9
synthetic/synthetic_0094_vp9_webm_69184581b433.webm,synthetic,kaggle_deepfake_and_real_images,image_to_video_static_gan_or_diffusion,vp9_webm,3000,640,360,0,69184581b4338721f8230e84698d27e43fc56e95ddd53009f0b51cd8de1e2796
synthetic/synthetic_0095_h264_mov_e3aa4e0595c7.mov,synthetic,kaggle_deepfake_and_real_images,image_to_video_static_gan_or_diffusion,h264_mov,3000,640,360,72,e3aa4e0595c754324d7367142f43a24ed68197469dfdcc9deb9b3f60e10e928c
synthetic/synthetic_0096_h264_mp4_14aabb484a9f.mp4,synthetic,kaggle_deepfake_and_real_images,image_to_video_static_gan_or_diffusion,h264_mp4,3000,640,360,72,14aabb484a9feed6385a80ac51c91867fa421bde8749c01a1e95b5c7cfb9d3ac
synthetic/synthetic_0097_vp9_webm_5fd6a88cdebf.webm,synthetic,kaggle_deepfake_and_real_images,image_to_video_static_gan_or_diffusion,vp9_webm,3000,640,360,0,5fd6a88cdebfd7ff84f5dfa1f0bf3401fab77c29d96db21ec1e2fe3de9ea1cd8
synthetic/synthetic_0098_h264_mov_d959974ca1b5.mov,synthetic,kaggle_deepfake_and_real_images,image_to_video_static_gan_or_diffusion,h264_mov,3000,640,360,72,d959974ca1b58655f7492c9fb45714c05555beb41484ec0e00266b33fc07759a
synthetic/synthetic_0099_h264_mp4_8771a8e043fa.mp4,synthetic,kaggle_deepfake_and_real_images,image_to_video_static_gan_or_diffusion,h264_mp4,3000,640,360,72,8771a8e043fa865e91b176695b0871e823baba86d9135942c888f7609f07cd6a
