filename,label,source_dataset,tts_system_or_speaker,codec,sample_rate,duration_ms,source_sha256
real/real_0000_common_voice_0025_wav_a76237e31c99.wav,real,common_voice_en,human_speaker,wav,16000,4824,a76237e31c992410582b9e0523aaa19a198f4e0fa8bf8466bea6a9d2a5e6428e
real/real_0001_minds14_0081_mp3_f3de2f7c0081.mp3,real,minds14_en_us,human_speaker,mp3,16000,4356,f3de2f7c0081cd5073e62b2b1b2d5974b6e660360fdf04c7e7e750af492e5b4c
real/real_0002_minds14_0020_m4a_6b610235fc90.m4a,real,minds14_en_us,human_speaker,m4a,22050,8277,6b610235fc9000b75fc46805b0458ee744e134c0b4ec6e550ac84ad709a12853
real/real_0003_common_voice_0021_opus_407fe7c222ef.opus,real,common_voice_en,human_speaker,opus,48000,7494,407fe7c222ef35321e28de8f3f4f261d9e0ff01bd5c06dd45dca47c15f06c534
real/real_0004_minds14_0066_wav_7355a5c92daf.wav,real,minds14_en_us,human_speaker,wav,16000,5201,7355a5c92dafa1ea484cbac90ee11c5e0569214fd49b518e30146eb0daba2248
real/real_0005_minds14_0044_mp3_cfaff0be61d8.mp3,real,minds14_en_us,human_speaker,mp3,16000,4968,cfaff0be61d867c9ff1f374bb3bf46c4de76cb4a054e051099212a046bc319df
real/real_0006_minds14_0050_m4a_0918f1980f82.m4a,real,minds14_en_us,human_speaker,m4a,22050,10240,0918f1980f82add73fa2cf01a43b8a8a01daa2ac7e154b730e0daaf92d2c6edc
real/real_0007_minds14_0086_opus_0db220bdb9c7.opus,real,minds14_en_us,human_speaker,opus,48000,1713,0db220bdb9c73862875ac883df3fe05fbf70391ebf6f5402b92e8c8b672f99ad
real/real_0008_common_voice_0023_wav_16bd18b9d6bb.wav,real,common_voice_en,human_speaker,wav,16000,6192,16bd18b9d6bbf9a8cab63d56b11f8df3175301c1e3e499a7b5b42b957a2d83fa
real/real_0009_minds14_0027_mp3_5f81365f0e33.mp3,real,minds14_en_us,human_speaker,mp3,16000,8712,5f81365f0e3312f04cce257e6ddc43c611eea482818f8d2beae122db04c76744
real/real_0010_minds14_0012_m4a_a8adffbe7345.m4a,real,minds14_en_us,human_speaker,m4a,22050,10922,a8adffbe7345f7c73159ca045bdaeda01bbc654ac46e479b60c4e6a25a4fb873
real/real_0011_common_voice_0015_opus_41ff13103af4.opus,real,common_voice_en,human_speaker,opus,48000,6126,41ff13103af49c33833be8e5e65b876c9dfe5552875915b71e0391571cba30ec
real/real_0012_minds14_0029_wav_feec85cda19c.wav,real,minds14_en_us,human_speaker,wav,16000,6826,feec85cda19caa6ec15d8a4c5d3250f0ad80f5deaa458dc248db4ece4282cb6e
real/real_0013_minds14_0040_mp3_2e317a22b918.mp3,real,minds14_en_us,human_speaker,mp3,16000,8964,2e317a22b91857e5d3e17a3bb768340dec3135dacf345ab8edded39b4f7e8c6d
real/real_0014_minds14_0062_m4a_c2aa6859fac4.m4a,real,minds14_en_us,human_speaker,m4a,22050,4643,c2aa6859fac4107c92d1bee1dffc0d1d44c973c3688833b2fda71909542404ad
real/real_0015_minds14_0074_opus_7ba7317a9678.opus,real,minds14_en_us,human_speaker,opus,48000,15963,7ba7317a96784f7e9c2b532091807a1d93fbdf0e156a37b69190e7db812da6aa
real/real_0016_minds14_0041_wav_9a831e3c7bfe.wav,real,minds14_en_us,human_speaker,wav,16000,4437,9a831e3c7bfec79fa463ea3fd934907699dd9c6b047e6c4f37fed831993224f7
real/real_0017_minds14_0083_mp3_9b193407a719.mp3,real,minds14_en_us,human_speaker,mp3,16000,3672,9b193407a7195641a2f865d47cca0b01c11c6ab789c769f4cd2093ffb074dd1b
real/real_0018_minds14_0006_m4a_d2e3f613c117.m4a,real,minds14_en_us,human_speaker,m4a,22050,5887,d2e3f613c11734849fbfc80c83b31a898e10f1f3c9ba236076c65d49b3c6fc8e
real/real_0019_minds14_0025_opus_59e546413bfa.opus,real,minds14_en_us,human_speaker,opus,48000,4102,59e546413bfa9f3fa2e1ad8f70990626860ccea8fdc55b54374ab7b20a26be79
real/real_0020_minds14_0010_wav_fbdb1044704f.wav,real,minds14_en_us,human_speaker,wav,16000,5290,fbdb1044704fc4b0edc2b79a22d5a9fc6a7112f5125228007a207de6c947f7a1
real/real_0021_minds14_0035_mp3_17f12c44f8ff.mp3,real,minds14_en_us,human_speaker,mp3,16000,6660,17f12c44f8ffb9dc9aa728862fe053348b23119520b7ec1c4d1b3f9634ebfead
real/real_0022_minds14_0047_m4a_b537fa3a99ba.m4a,real,minds14_en_us,human_speaker,m4a,22050,5973,b537fa3a99badb81f03901743142423002a0e5d91602726e6b59d10201ac6aa4
real/real_0023_common_voice_0001_opus_5c7a838c7a9e.opus,real,common_voice_en,human_speaker,opus,48000,3966,5c7a838c7a9eccac3a76449a406996bee4783f3466197a916abca33f5dd4512a
real/real_0024_minds14_0023_wav_08938503d205.wav,real,minds14_en_us,human_speaker,wav,16000,5205,08938503d205ceaf0b03ff9c4374c6c178f33370d54c01f5cb2193810ec17c2b
real/real_0025_minds14_0063_mp3_8e064a83b4bd.mp3,real,minds14_en_us,human_speaker,mp3,16000,5796,8e064a83b4bdfffcc97f0cce8a6abe2f57fd843d498dfe22ec5fe59bc14fd9e4
real/real_0026_minds14_0058_m4a_f4f2e5dccfcd.m4a,real,minds14_en_us,human_speaker,m4a,22050,3924,f4f2e5dccfcd1c67c4f80e2ae896ae51b927c9337772f6054ed1967b0dbe1eba
real/real_0027_minds14_0031_opus_254d15e3c2b1.opus,real,minds14_en_us,human_speaker,opus,48000,4358,254d15e3c2b1fc59a6a3c359745f2d7c24e1e77e24b3c691532ce73d3e845a35
real/real_0028_common_voice_0000_wav_86a2b318a8ed.wav,real,common_voice_en,human_speaker,wav,16000,8568,86a2b318a8ed67ca1052300f5f2116550a9d45c07dc0c806ab6cd4f302be3e8a
real/real_0029_minds14_0046_mp3_b4a6335ee739.mp3,real,minds14_en_us,human_speaker,mp3,16000,3492,b4a6335ee7392a609474bf72132e90ee39e9231adee4c9c686e483b14d486a04
real/real_0030_minds14_0068_m4a_4fd58312d592.m4a,real,minds14_en_us,human_speaker,m4a,22050,2816,4fd58312d59292dd4369bfc0e88c01d8b225f51080510e4a2d0245d5817db4ac
real/real_0031_minds14_0055_opus_93c736f9e953.opus,real,minds14_en_us,human_speaker,opus,48000,3334,93c736f9e953ade245e72b8d97de69ddee3507e1c7eec926cb706c2ae0cc0688
real/real_0032_minds14_0037_wav_9e4f5e9f219f.wav,real,minds14_en_us,human_speaker,wav,16000,16625,9e4f5e9f219f395e43b5529cf067f29ba0f131530508c4ac71c91c7a63df1756
real/real_0033_minds14_0045_mp3_dd31aca0f5ac.mp3,real,minds14_en_us,human_speaker,mp3,16000,6048,dd31aca0f5ace2c4a38d5c1c24673b9ee45046b0f9acda774c6185f79881ea90
real/real_0034_minds14_0042_m4a_1911c1d2ec52.m4a,real,minds14_en_us,human_speaker,m4a,22050,4364,1911c1d2ec5248c9eee852e5f6db57a06541094ab0e597cbbdb8113e70c0850b
real/real_0035_minds14_0053_opus_3671c05c4b09.opus,real,minds14_en_us,human_speaker,opus,48000,5638,3671c05c4b09ca0da42f9092109cc1478419ef5d608cfb6d70ab3fc7510f0e67
real/real_0036_minds14_0015_wav_27f0fda3b84d.wav,real,minds14_en_us,human_speaker,wav,16000,4864,27f0fda3b84d48162e249175d22ccc4b2a0627c378cbe321d62e70c9869d9f22
real/real_0037_common_voice_0009_mp3_addc3532e97c.mp3,real,common_voice_en,human_speaker,mp3,16000,9360,addc3532e97c486532ca87226f37eabc5d5404f5321f741833d9295401449a32
real/real_0038_common_voice_0019_m4a_3b83d993d308.m4a,real,common_voice_en,human_speaker,m4a,22050,3576,3b83d993d3086e4b7dbf0d8f46ef330578060aca2ec8e93b3814db5413d40775
real/real_0039_minds14_0075_opus_ab04cd523bf8.opus,real,minds14_en_us,human_speaker,opus,48000,4102,ab04cd523bf8787926076aee802c8940a0b8a83e65f0599ed90374c6958e9448
real/real_0040_minds14_0009_wav_400181385cf2.wav,real,minds14_en_us,human_speaker,wav,16000,13653,400181385cf2b389c17d6daad3992acd75376edc96cb6657b20b8cf69b314aaa
real/real_0041_minds14_0002_mp3_f5dbbd37633f.mp3,real,minds14_en_us,human_speaker,mp3,16000,24336,f5dbbd37633f44546d06b51d1ff419487334a087fd9ca993a9b2f209d5c9baa7
real/real_0042_minds14_0080_m4a_1e7549630aba.m4a,real,minds14_en_us,human_speaker,m4a,22050,8960,1e7549630aba40973f46f55464a9a0bf71d897c74e64ae04cc947178dbe823e9
real/real_0043_minds14_0011_opus_4a8a79164221.opus,real,minds14_en_us,human_speaker,opus,48000,7003,4a8a7916422133242d1209d3598f0aa5367dc1c26b9f03b74291c348fad56b82
real/real_0044_minds14_0057_wav_5fe669d37a14.wav,real,minds14_en_us,human_speaker,wav,16000,4352,5fe669d37a1420a6b1da0ec457099c576467bec07c613cc215d3dc561bee3bcf
real/real_0045_minds14_0088_mp3_f552d7153f50.mp3,real,minds14_en_us,human_speaker,mp3,16000,4536,f552d7153f509963aaa179aa40514b48d99a11ef05626de8f2121302e06b1858
real/real_0046_common_voice_0020_m4a_2350573a8717.m4a,real,common_voice_en,human_speaker,m4a,22050,3456,2350573a8717bb55e7fa1255ee8ba47aecd020a3d29023fdda9b3bd3d07881c0
real/real_0047_minds14_0014_opus_960dbd80da7c.opus,real,minds14_en_us,human_speaker,opus,48000,2993,960dbd80da7cf1fd48af6c378da9828069b1ae9a7f81ab59436776081fbe3b98
real/real_0048_minds14_0084_wav_e9a5c25e12b9.wav,real,minds14_en_us,human_speaker,wav,16000,5717,e9a5c25e12b9234be58c85be29d0467917e899a12cab05a4c2ae1656953db3ad
real/real_0049_common_voice_0006_mp3_39ee76225e0e.mp3,real,common_voice_en,human_speaker,mp3,16000,6444,39ee76225e0e17045aa5588fc0b432dec9131feefea6bd9784799a6b192c7588
real/real_0050_minds14_0008_m4a_6371464b4e8f.m4a,real,minds14_en_us,human_speaker,m4a,22050,7337,6371464b4e8f1af345c8c556d74e78d5fc29dc5a681bc2a53970e53f1bf15d63
real/real_0051_minds14_0048_opus_b67f2b0e14ed.opus,real,minds14_en_us,human_speaker,opus,48000,3505,b67f2b0e14ed061a8e4b20393b69c6555755fe5c7b702ad57ce663a4b016c4a1
real/real_0052_minds14_0082_wav_ef74bc44fadd.wav,real,minds14_en_us,human_speaker,wav,16000,3242,ef74bc44fadd08b6f6c287b3dc63f75cd808b6bba56737111f1a382c4baa7dc8
real/real_0053_minds14_0038_mp3_a209d0b5d165.mp3,real,minds14_en_us,human_speaker,mp3,16000,4860,a209d0b5d165f0e179d9e2b4cc7dba134ed5959779104693e1a397c9508dab80
real/real_0054_common_voice_0027_m4a_058fdd14e246.m4a,real,common_voice_en,human_speaker,m4a,22050,6216,058fdd14e24645508ef19f60cfecef363ef642cfa1059e51783b6de3d36b41e3
real/real_0055_minds14_0024_opus_e7d43fe867a0.opus,real,minds14_en_us,human_speaker,opus,48000,3846,e7d43fe867a05f614e512273d92768a714d1916e05fc514b3bd20dd85b3f8ed2
real/real_0056_common_voice_0022_wav_db39a8856fa4.wav,real,common_voice_en,human_speaker,wav,16000,8352,db39a8856fa4b3c5c1f8e7a5a43a79b6149ea006df0353f5beccf7180bcf1e24
real/real_0057_minds14_0005_mp3_9544d808192b.mp3,real,minds14_en_us,human_speaker,mp3,16000,4644,9544d808192b027f62517280058aac4675fe64779f2c6f5d98ff1cfa35702fd0
real/real_0058_minds14_0078_m4a_d817268d46b1.m4a,real,minds14_en_us,human_speaker,m4a,22050,3499,d817268d46b14a4cbd4bd582dfaaeaaf0a2c19375bfb4a236a5525f2a9269c39
real/real_0059_common_voice_0028_opus_da7296adc489.opus,real,common_voice_en,human_speaker,opus,48000,2382,da7296adc4898a048822d465e253b03f955cc05fb598d44cf667af19632a2b81
real/real_0060_minds14_0026_wav_71a38177e264.wav,real,minds14_en_us,human_speaker,wav,16000,3669,71a38177e26499ba43b94c67cb7722bb078f8b0398a73124bbee63196ee5ec0d
real/real_0061_minds14_0007_mp3_bd72e279cfd2.mp3,real,minds14_en_us,human_speaker,mp3,16000,8640,bd72e279cfd2ccaa578780a8e20be7f6e00140afb4c31e8d1465fb46c23ba452
real/real_0062_minds14_0016_m4a_ecbf06c99498.m4a,real,minds14_en_us,human_speaker,m4a,22050,3157,ecbf06c994987845d05e40163dd411142635bbdb79e68405eb34b75faec04c96
real/real_0063_minds14_0071_opus_cc3dcfb55a6c.opus,real,minds14_en_us,human_speaker,opus,48000,6972,cc3dcfb55a6c9d48422856bd4bee9ae378d0e69737622356603fd7130f4ce259
real/real_0064_minds14_0039_wav_411d4d7792fd.wav,real,minds14_en_us,human_speaker,wav,16000,2879,411d4d7792fd4e756c7f5caf290678b6e5ced384555a8b828771aca9daa97be5
real/real_0065_minds14_0067_mp3_7478a9a2f8f7.mp3,real,minds14_en_us,human_speaker,mp3,16000,3600,7478a9a2f8f76439feef58d383ab6df59b29ddc4428c5bc49cb36595fd4fd7dd
real/real_0066_minds14_0064_m4a_dc27150cb822.m4a,real,minds14_en_us,human_speaker,m4a,22050,4863,dc27150cb8226631fd0b364731271ca50b8a612a6d26fd6f8d67a7a3d69369e6
real/real_0067_common_voice_0004_opus_bfdc7b6c25c2.opus,real,common_voice_en,human_speaker,opus,48000,6222,bfdc7b6c25c25d44542e0bdefb2279dbea1cbf9444807d8aeb2851fa2c128196
real/real_0068_minds14_0051_wav_04197aa89486.wav,real,minds14_en_us,human_speaker,wav,16000,9301,04197aa89486a2f7ddd4539e798899da8a6d0ac90df73b4373b5d41d9a50fadb
real/real_0069_common_voice_0018_mp3_ac69fc47aa04.mp3,real,common_voice_en,human_speaker,mp3,16000,6336,ac69fc47aa046fd7d33e0ced185a72a28d8dcf778e947d99241ee222b7969137
real/real_0070_minds14_0077_m4a_c93043a7c92e.m4a,real,minds14_en_us,human_speaker,m4a,22050,2731,c93043a7c92e06c18806293fb174d888f2df6afde26faf62e7d4c2b2fea8d85a
real/real_0071_minds14_0061_opus_61642ea356fa.opus,real,minds14_en_us,human_speaker,opus,48000,4955,61642ea356fa3efdfc5425c74512930db1f0e4d63c81f4870aff1ac9d0ac3932
real/real_0072_minds14_0069_wav_7e2ab3256293.wav,real,minds14_en_us,human_speaker,wav,16000,4522,7e2ab3256293fdecf7ea8f0f596cc18ea6d3b86a57308d1b3f9543a1d70492dc
real/real_0073_minds14_0065_mp3_8753ae8d3db6.mp3,real,minds14_en_us,human_speaker,mp3,16000,11772,8753ae8d3db6e118994d3916f8b79a26004cc67d32592795b80b484afc5acc49
real/real_0074_minds14_0000_m4a_0f56f001f964.m4a,real,minds14_en_us,human_speaker,m4a,22050,10837,0f56f001f964d2288851a5e4063781cb5793d25f1b4fd9b55607e79873b4b20c
real/real_0075_minds14_0013_opus_29ee1e86ecf9.opus,real,minds14_en_us,human_speaker,opus,48000,14939,29ee1e86ecf9a9a27e8d4eec153170c8f2c0977b6ecc2bb0fa3e7c0dfefe4bee
real/real_0076_common_voice_0007_wav_fcf9632e42b7.wav,real,common_voice_en,human_speaker,wav,16000,5796,fcf9632e42b70aa9096928df52428b7d8f27cd7b65646eb376278743000a5c0d
real/real_0077_common_voice_0013_mp3_6d9bc59e4b57.mp3,real,common_voice_en,human_speaker,mp3,16000,4932,6d9bc59e4b5795f21d1bc64da07ebb6b46f3b9c46f5c07a16fa91fe702a49a50
real/real_0078_minds14_0056_m4a_650ef9b447b6.m4a,real,minds14_en_us,human_speaker,m4a,22050,4693,650ef9b447b663e63af6e65a7b7d20e8df8c99afd11980c0ab336af487e691ab
real/real_0079_minds14_0049_opus_e8ac97ec0726.opus,real,minds14_en_us,human_speaker,opus,48000,4102,e8ac97ec0726c85c05191675f10e0839dcf02428582e71581abd110937d79c65
real/real_0080_minds14_0070_wav_da2157ba4929.wav,real,minds14_en_us,human_speaker,wav,16000,5120,da2157ba492948dc4c8d1b0e627feba5c166b512015ba896f5e32e467d16a024
real/real_0081_common_voice_0008_mp3_256557aa9aa3.mp3,real,common_voice_en,human_speaker,mp3,16000,7272,256557aa9aa3d360f4335cd1d1538975b230df79c5920c38021ed4f9e8bcb9b9
real/real_0082_common_voice_0012_m4a_b256df7ecf86.m4a,real,common_voice_en,human_speaker,m4a,22050,7847,b256df7ecf864625b88710fb6d97311d05c38da98e0dbdd30bd743e224ec45ad
real/real_0083_minds14_0003_opus_3e624b660732.opus,real,minds14_en_us,human_speaker,opus,48000,3249,3e624b660732572534d82d84567e8ff1ebf3c42e89865d71e79dcc5d1d474f04
real/real_0084_minds14_0054_wav_dcb09f260f42.wav,real,minds14_en_us,human_speaker,wav,16000,9045,dcb09f260f42cd41aca487a3c37fee5a8e17189b88bed8f5978775b3e824f22e
real/real_0085_common_voice_0014_mp3_f4f53d6ab5f7.mp3,real,common_voice_en,human_speaker,mp3,16000,4752,f4f53d6ab5f76e45dec216127cce891764c1c1b247149430774a9485e38d475f
real/real_0086_minds14_0087_m4a_86dec141d8cc.m4a,real,minds14_en_us,human_speaker,m4a,22050,7764,86dec141d8cc324e40b882d4b2efc597bb3f8d2f358cfa84eb7881fed628cbc7
real/real_0087_minds14_0030_opus_b44c42a29105.opus,real,minds14_en_us,human_speaker,opus,48000,4443,b44c42a2910527b0c31e9feefafd3ab536c5d0e8b7373b05c447ed9955be4847
real/real_0088_minds14_0022_wav_6554138a371e.wav,real,minds14_en_us,human_speaker,wav,16000,5479,6554138a371e67ae88ead2f631c8637087e02a207967cab4a775200d8d9d047c
real/real_0089_minds14_0036_mp3_78b92f513f56.mp3,real,minds14_en_us,human_speaker,mp3,16000,3924,78b92f513f5620813f2ec95da08862e381932ad3e7cf2356e1f1acf433fb5b46
real/real_0090_minds14_0004_m4a_3d0322962708.m4a,real,minds14_en_us,human_speaker,m4a,22050,3840,3d0322962708e20e459ca54f4bfb6ee3d487a781a38a4cc65fa47a55bc2611a1
real/real_0091_minds14_0059_opus_d5a0b8b68abc.opus,real,minds14_en_us,human_speaker,opus,48000,4358,d5a0b8b68abc81e5fe2a952a9a40cf2c10d18d6860043393e35845c80c1f523e
real/real_0092_common_voice_0002_wav_ba84311ec053.wav,real,common_voice_en,human_speaker,wav,16000,5940,ba84311ec05320c155931d895c915a063a080fe5e9251f84cd78d577756928b9
real/real_0093_minds14_0089_mp3_80acdbc24187.mp3,real,minds14_en_us,human_speaker,mp3,16000,12816,80acdbc241870cfd7d9a02543da50b0e8b0178ada5f20f429644825abed2e500
real/real_0094_minds14_0072_m4a_42d80d75212f.m4a,real,minds14_en_us,human_speaker,m4a,22050,3327,42d80d75212f15bab46986c73060a6b1484098e477d1c46dd19cf5b4f244c01a
real/real_0095_common_voice_0011_opus_0f7278f11a04.opus,real,common_voice_en,human_speaker,opus,48000,5586,0f7278f11a048cdd63476cf14d57cb24370a795c56a6f95a7815b13529cd487f
real/real_0096_minds14_0076_wav_0b42d3cea298.wav,real,minds14_en_us,human_speaker,wav,16000,4437,0b42d3cea298041eccebb6f0080801632f19dda1c99149aae1e8c894a6b2c450
real/real_0097_minds14_0085_mp3_00fff406f2e7.mp3,real,minds14_en_us,human_speaker,mp3,16000,13824,00fff406f2e72ebd57cda60793f9fd86397f65951a87fc2e42c62ec45240a0d7
real/real_0098_minds14_0043_m4a_2ac30a83e8e8.m4a,real,minds14_en_us,human_speaker,m4a,22050,4693,2ac30a83e8e8677823a1b178c42a0f9b10a1e7e5ce1797ea173d211251d6c13e
real/real_0099_minds14_0033_opus_035415ad6957.opus,real,minds14_en_us,human_speaker,opus,48000,16987,035415ad69573071c75e3cd62da668edba6191681051017a64d28a70fd6e5ff8
real/real_0100_minds14_0019_wav_8bf0bb2a8729.wav,real,minds14_en_us,human_speaker,wav,16000,7424,8bf0bb2a87290da13183d9f7f5af04e0a91a57da3a17fdfd6e1a77f8c06977c0
real/real_0101_minds14_0079_mp3_5bc65db39f73.mp3,real,minds14_en_us,human_speaker,mp3,16000,5652,5bc65db39f73969c4e384c9ac5f3c450621e51ccb3b92b8ede9aac412328c25b
real/real_0102_minds14_0032_m4a_269c25e934e4.m4a,real,minds14_en_us,human_speaker,m4a,22050,5291,269c25e934e4d9454feba41063c8ca5660b0866511ce1595616b5fe639b21b9e
real/real_0103_minds14_0028_opus_b301d2799639.opus,real,minds14_en_us,human_speaker,opus,48000,15963,b301d2799639929069463a82bf7ed4332c7930b61e829ebdc6c7de13f6356182
real/real_0104_common_voice_0003_wav_3b6aeb710452.wav,real,common_voice_en,human_speaker,wav,16000,9900,3b6aeb710452ffa1f406567c2220365da56fb1c8ee8ea0ecc7b74bbcfb72be01
real/real_0105_minds14_0052_mp3_57990266666f.mp3,real,minds14_en_us,human_speaker,mp3,16000,4644,57990266666fde71444969e5ab888ef6f6acb25f5108e278f0c699964cd66d79
real/real_0106_minds14_0021_m4a_e8e1e82f7c42.m4a,real,minds14_en_us,human_speaker,m4a,22050,8277,e8e1e82f7c4210a8f9e3ce6bea3188e2878e318c99c212a346f5c5771db42507
real/real_0107_common_voice_0026_opus_6a58f70fffba.opus,real,common_voice_en,human_speaker,opus,48000,7446,6a58f70fffba523d4a26c0e3856bb1d4ff1a331b9130c9988aeaae89a0802dc6
real/real_0108_minds14_0034_wav_6a4c6e1c1f1b.wav,real,minds14_en_us,human_speaker,wav,16000,14506,6a4c6e1c1f1b8d89f36bf6abcb6a4778c93ab686244a002d1f46f5488a048124
real/real_0109_minds14_0073_mp3_d22daff7b5e5.mp3,real,minds14_en_us,human_speaker,mp3,16000,3672,d22daff7b5e5b447ee3387a0e45460f77dcf9956d54d51b1ab1c31f74a5b1e28
real/real_0110_minds14_0001_m4a_b02581c37e2b.m4a,real,minds14_en_us,human_speaker,m4a,22050,6656,b02581c37e2b7a078d5dfef19db8a84dbb35ccc3d24d01fab20067787aa8dd70
real/real_0111_common_voice_0017_opus_1ce8a905bbf5.opus,real,common_voice_en,human_speaker,opus,48000,3822,1ce8a905bbf578614695721bdc635caff00a0127d17b9c66d6ae0c13c2a63c7c
real/real_0112_common_voice_0010_wav_679e61f47740.wav,real,common_voice_en,human_speaker,wav,16000,6888,679e61f477401d92bd559cbaf29a134470ffaadb0da072423a9e9b9699e5452d
real/real_0113_common_voice_0005_mp3_bb3a939f9c36.mp3,real,common_voice_en,human_speaker,mp3,16000,5940,bb3a939f9c368f8c88850bb82af7273b4bd52b5c88652011a74bc30ac0df57a6
real/real_0114_minds14_0060_m4a_eb71ae5ffea6.m4a,real,minds14_en_us,human_speaker,m4a,22050,5973,eb71ae5ffea6e53625b75c247fb12beb548076c1cca6d97b7bc973adcf2c09fe
real/real_0115_common_voice_0024_opus_9d8753af772e.opus,real,common_voice_en,human_speaker,opus,48000,5550,9d8753af772ef97226df332d0faa081fbfbfed71281d244d68b060e37370d2b3
real/real_0116_common_voice_0016_wav_0adf62d3d3c7.wav,real,common_voice_en,human_speaker,wav,16000,6240,0adf62d3d3c7ed4dd679d670f9010eb6b5b67c1f7dc8e68901227f2f2259333a
real/real_0117_minds14_0018_mp3_d0877b17dd92.mp3,real,minds14_en_us,human_speaker,mp3,16000,8208,d0877b17dd927676f2c48f1f53dac539e7c9f05901d189b5238584a5681ca25b
real/real_0118_minds14_0017_m4a_628b12c05a4c.m4a,real,minds14_en_us,human_speaker,m4a,22050,5632,628b12c05a4c9d9876d71c6f4548516e14f44aa6c236c274327ba983166d9b2c
real/real_0119_common_voice_0029_opus_7fa81b0a2a5d.opus,real,common_voice_en,human_speaker,opus,48000,5154,7fa81b0a2a5dead8aa54c951e61fc944eec8dc47348530b3a6ae51f84ad67fc7
real/real_0120_common_voice_0025_wav_a76237e31c99.wav,real,common_voice_en,human_speaker,wav,16000,4824,a76237e31c992410582b9e0523aaa19a198f4e0fa8bf8466bea6a9d2a5e6428e
real/real_0121_minds14_0081_mp3_f3de2f7c0081.mp3,real,minds14_en_us,human_speaker,mp3,16000,4356,f3de2f7c0081cd5073e62b2b1b2d5974b6e660360fdf04c7e7e750af492e5b4c
real/real_0122_minds14_0020_m4a_6b610235fc90.m4a,real,minds14_en_us,human_speaker,m4a,22050,8277,6b610235fc9000b75fc46805b0458ee744e134c0b4ec6e550ac84ad709a12853
real/real_0123_common_voice_0021_opus_407fe7c222ef.opus,real,common_voice_en,human_speaker,opus,48000,7494,407fe7c222ef35321e28de8f3f4f261d9e0ff01bd5c06dd45dca47c15f06c534
real/real_0124_minds14_0066_wav_7355a5c92daf.wav,real,minds14_en_us,human_speaker,wav,16000,5201,7355a5c92dafa1ea484cbac90ee11c5e0569214fd49b518e30146eb0daba2248
real/real_0125_minds14_0044_mp3_cfaff0be61d8.mp3,real,minds14_en_us,human_speaker,mp3,16000,4968,cfaff0be61d867c9ff1f374bb3bf46c4de76cb4a054e051099212a046bc319df
real/real_0126_minds14_0050_m4a_0918f1980f82.m4a,real,minds14_en_us,human_speaker,m4a,22050,10240,0918f1980f82add73fa2cf01a43b8a8a01daa2ac7e154b730e0daaf92d2c6edc
real/real_0127_minds14_0086_opus_0db220bdb9c7.opus,real,minds14_en_us,human_speaker,opus,48000,1713,0db220bdb9c73862875ac883df3fe05fbf70391ebf6f5402b92e8c8b672f99ad
real/real_0128_common_voice_0023_wav_16bd18b9d6bb.wav,real,common_voice_en,human_speaker,wav,16000,6192,16bd18b9d6bbf9a8cab63d56b11f8df3175301c1e3e499a7b5b42b957a2d83fa
real/real_0129_minds14_0027_mp3_5f81365f0e33.mp3,real,minds14_en_us,human_speaker,mp3,16000,8712,5f81365f0e3312f04cce257e6ddc43c611eea482818f8d2beae122db04c76744
real/real_0130_minds14_0012_m4a_a8adffbe7345.m4a,real,minds14_en_us,human_speaker,m4a,22050,10922,a8adffbe7345f7c73159ca045bdaeda01bbc654ac46e479b60c4e6a25a4fb873
real/real_0131_common_voice_0015_opus_41ff13103af4.opus,real,common_voice_en,human_speaker,opus,48000,6126,41ff13103af49c33833be8e5e65b876c9dfe5552875915b71e0391571cba30ec
real/real_0132_minds14_0029_wav_feec85cda19c.wav,real,minds14_en_us,human_speaker,wav,16000,6826,feec85cda19caa6ec15d8a4c5d3250f0ad80f5deaa458dc248db4ece4282cb6e
real/real_0133_minds14_0040_mp3_2e317a22b918.mp3,real,minds14_en_us,human_speaker,mp3,16000,8964,2e317a22b91857e5d3e17a3bb768340dec3135dacf345ab8edded39b4f7e8c6d
real/real_0134_minds14_0062_m4a_c2aa6859fac4.m4a,real,minds14_en_us,human_speaker,m4a,22050,4643,c2aa6859fac4107c92d1bee1dffc0d1d44c973c3688833b2fda71909542404ad
real/real_0135_minds14_0074_opus_7ba7317a9678.opus,real,minds14_en_us,human_speaker,opus,48000,15963,7ba7317a96784f7e9c2b532091807a1d93fbdf0e156a37b69190e7db812da6aa
real/real_0136_minds14_0041_wav_9a831e3c7bfe.wav,real,minds14_en_us,human_speaker,wav,16000,4437,9a831e3c7bfec79fa463ea3fd934907699dd9c6b047e6c4f37fed831993224f7
real/real_0137_minds14_0083_mp3_9b193407a719.mp3,real,minds14_en_us,human_speaker,mp3,16000,3672,9b193407a7195641a2f865d47cca0b01c11c6ab789c769f4cd2093ffb074dd1b
real/real_0138_minds14_0006_m4a_d2e3f613c117.m4a,real,minds14_en_us,human_speaker,m4a,22050,5887,d2e3f613c11734849fbfc80c83b31a898e10f1f3c9ba236076c65d49b3c6fc8e
real/real_0139_minds14_0025_opus_59e546413bfa.opus,real,minds14_en_us,human_speaker,opus,48000,4102,59e546413bfa9f3fa2e1ad8f70990626860ccea8fdc55b54374ab7b20a26be79
real/real_0140_minds14_0010_wav_fbdb1044704f.wav,real,minds14_en_us,human_speaker,wav,16000,5290,fbdb1044704fc4b0edc2b79a22d5a9fc6a7112f5125228007a207de6c947f7a1
real/real_0141_minds14_0035_mp3_17f12c44f8ff.mp3,real,minds14_en_us,human_speaker,mp3,16000,6660,17f12c44f8ffb9dc9aa728862fe053348b23119520b7ec1c4d1b3f9634ebfead
real/real_0142_minds14_0047_m4a_b537fa3a99ba.m4a,real,minds14_en_us,human_speaker,m4a,22050,5973,b537fa3a99badb81f03901743142423002a0e5d91602726e6b59d10201ac6aa4
real/real_0143_common_voice_0001_opus_5c7a838c7a9e.opus,real,common_voice_en,human_speaker,opus,48000,3966,5c7a838c7a9eccac3a76449a406996bee4783f3466197a916abca33f5dd4512a
real/real_0144_minds14_0023_wav_08938503d205.wav,real,minds14_en_us,human_speaker,wav,16000,5205,08938503d205ceaf0b03ff9c4374c6c178f33370d54c01f5cb2193810ec17c2b
real/real_0145_minds14_0063_mp3_8e064a83b4bd.mp3,real,minds14_en_us,human_speaker,mp3,16000,5796,8e064a83b4bdfffcc97f0cce8a6abe2f57fd843d498dfe22ec5fe59bc14fd9e4
real/real_0146_minds14_0058_m4a_f4f2e5dccfcd.m4a,real,minds14_en_us,human_speaker,m4a,22050,3924,f4f2e5dccfcd1c67c4f80e2ae896ae51b927c9337772f6054ed1967b0dbe1eba
real/real_0147_minds14_0031_opus_254d15e3c2b1.opus,real,minds14_en_us,human_speaker,opus,48000,4358,254d15e3c2b1fc59a6a3c359745f2d7c24e1e77e24b3c691532ce73d3e845a35
real/real_0148_common_voice_0000_wav_86a2b318a8ed.wav,real,common_voice_en,human_speaker,wav,16000,8568,86a2b318a8ed67ca1052300f5f2116550a9d45c07dc0c806ab6cd4f302be3e8a
real/real_0149_minds14_0046_mp3_b4a6335ee739.mp3,real,minds14_en_us,human_speaker,mp3,16000,3492,b4a6335ee7392a609474bf72132e90ee39e9231adee4c9c686e483b14d486a04
real/real_0150_minds14_0068_m4a_4fd58312d592.m4a,real,minds14_en_us,human_speaker,m4a,22050,2816,4fd58312d59292dd4369bfc0e88c01d8b225f51080510e4a2d0245d5817db4ac
real/real_0151_minds14_0055_opus_93c736f9e953.opus,real,minds14_en_us,human_speaker,opus,48000,3334,93c736f9e953ade245e72b8d97de69ddee3507e1c7eec926cb706c2ae0cc0688
real/real_0152_minds14_0037_wav_9e4f5e9f219f.wav,real,minds14_en_us,human_speaker,wav,16000,16625,9e4f5e9f219f395e43b5529cf067f29ba0f131530508c4ac71c91c7a63df1756
real/real_0153_minds14_0045_mp3_dd31aca0f5ac.mp3,real,minds14_en_us,human_speaker,mp3,16000,6048,dd31aca0f5ace2c4a38d5c1c24673b9ee45046b0f9acda774c6185f79881ea90
real/real_0154_minds14_0042_m4a_1911c1d2ec52.m4a,real,minds14_en_us,human_speaker,m4a,22050,4364,1911c1d2ec5248c9eee852e5f6db57a06541094ab0e597cbbdb8113e70c0850b
real/real_0155_minds14_0053_opus_3671c05c4b09.opus,real,minds14_en_us,human_speaker,opus,48000,5638,3671c05c4b09ca0da42f9092109cc1478419ef5d608cfb6d70ab3fc7510f0e67
real/real_0156_minds14_0015_wav_27f0fda3b84d.wav,real,minds14_en_us,human_speaker,wav,16000,4864,27f0fda3b84d48162e249175d22ccc4b2a0627c378cbe321d62e70c9869d9f22
real/real_0157_common_voice_0009_mp3_addc3532e97c.mp3,real,common_voice_en,human_speaker,mp3,16000,9360,addc3532e97c486532ca87226f37eabc5d5404f5321f741833d9295401449a32
real/real_0158_common_voice_0019_m4a_3b83d993d308.m4a,real,common_voice_en,human_speaker,m4a,22050,3576,3b83d993d3086e4b7dbf0d8f46ef330578060aca2ec8e93b3814db5413d40775
real/real_0159_minds14_0075_opus_ab04cd523bf8.opus,real,minds14_en_us,human_speaker,opus,48000,4102,ab04cd523bf8787926076aee802c8940a0b8a83e65f0599ed90374c6958e9448
real/real_0160_minds14_0009_wav_400181385cf2.wav,real,minds14_en_us,human_speaker,wav,16000,13653,400181385cf2b389c17d6daad3992acd75376edc96cb6657b20b8cf69b314aaa
real/real_0161_minds14_0002_mp3_f5dbbd37633f.mp3,real,minds14_en_us,human_speaker,mp3,16000,24336,f5dbbd37633f44546d06b51d1ff419487334a087fd9ca993a9b2f209d5c9baa7
real/real_0162_minds14_0080_m4a_1e7549630aba.m4a,real,minds14_en_us,human_speaker,m4a,22050,8960,1e7549630aba40973f46f55464a9a0bf71d897c74e64ae04cc947178dbe823e9
real/real_0163_minds14_0011_opus_4a8a79164221.opus,real,minds14_en_us,human_speaker,opus,48000,7003,4a8a7916422133242d1209d3598f0aa5367dc1c26b9f03b74291c348fad56b82
real/real_0164_minds14_0057_wav_5fe669d37a14.wav,real,minds14_en_us,human_speaker,wav,16000,4352,5fe669d37a1420a6b1da0ec457099c576467bec07c613cc215d3dc561bee3bcf
real/real_0165_minds14_0088_mp3_f552d7153f50.mp3,real,minds14_en_us,human_speaker,mp3,16000,4536,f552d7153f509963aaa179aa40514b48d99a11ef05626de8f2121302e06b1858
real/real_0166_common_voice_0020_m4a_2350573a8717.m4a,real,common_voice_en,human_speaker,m4a,22050,3456,2350573a8717bb55e7fa1255ee8ba47aecd020a3d29023fdda9b3bd3d07881c0
real/real_0167_minds14_0014_opus_960dbd80da7c.opus,real,minds14_en_us,human_speaker,opus,48000,2993,960dbd80da7cf1fd48af6c378da9828069b1ae9a7f81ab59436776081fbe3b98
real/real_0168_minds14_0084_wav_e9a5c25e12b9.wav,real,minds14_en_us,human_speaker,wav,16000,5717,e9a5c25e12b9234be58c85be29d0467917e899a12cab05a4c2ae1656953db3ad
real/real_0169_common_voice_0006_mp3_39ee76225e0e.mp3,real,common_voice_en,human_speaker,mp3,16000,6444,39ee76225e0e17045aa5588fc0b432dec9131feefea6bd9784799a6b192c7588
real/real_0170_minds14_0008_m4a_6371464b4e8f.m4a,real,minds14_en_us,human_speaker,m4a,22050,7337,6371464b4e8f1af345c8c556d74e78d5fc29dc5a681bc2a53970e53f1bf15d63
real/real_0171_minds14_0048_opus_b67f2b0e14ed.opus,real,minds14_en_us,human_speaker,opus,48000,3505,b67f2b0e14ed061a8e4b20393b69c6555755fe5c7b702ad57ce663a4b016c4a1
real/real_0172_minds14_0082_wav_ef74bc44fadd.wav,real,minds14_en_us,human_speaker,wav,16000,3242,ef74bc44fadd08b6f6c287b3dc63f75cd808b6bba56737111f1a382c4baa7dc8
real/real_0173_minds14_0038_mp3_a209d0b5d165.mp3,real,minds14_en_us,human_speaker,mp3,16000,4860,a209d0b5d165f0e179d9e2b4cc7dba134ed5959779104693e1a397c9508dab80
real/real_0174_common_voice_0027_m4a_058fdd14e246.m4a,real,common_voice_en,human_speaker,m4a,22050,6216,058fdd14e24645508ef19f60cfecef363ef642cfa1059e51783b6de3d36b41e3
real/real_0175_minds14_0024_opus_e7d43fe867a0.opus,real,minds14_en_us,human_speaker,opus,48000,3846,e7d43fe867a05f614e512273d92768a714d1916e05fc514b3bd20dd85b3f8ed2
real/real_0176_common_voice_0022_wav_db39a8856fa4.wav,real,common_voice_en,human_speaker,wav,16000,8352,db39a8856fa4b3c5c1f8e7a5a43a79b6149ea006df0353f5beccf7180bcf1e24
real/real_0177_minds14_0005_mp3_9544d808192b.mp3,real,minds14_en_us,human_speaker,mp3,16000,4644,9544d808192b027f62517280058aac4675fe64779f2c6f5d98ff1cfa35702fd0
real/real_0178_minds14_0078_m4a_d817268d46b1.m4a,real,minds14_en_us,human_speaker,m4a,22050,3499,d817268d46b14a4cbd4bd582dfaaeaaf0a2c19375bfb4a236a5525f2a9269c39
real/real_0179_common_voice_0028_opus_da7296adc489.opus,real,common_voice_en,human_speaker,opus,48000,2382,da7296adc4898a048822d465e253b03f955cc05fb598d44cf667af19632a2b81
real/real_0180_minds14_0026_wav_71a38177e264.wav,real,minds14_en_us,human_speaker,wav,16000,3669,71a38177e26499ba43b94c67cb7722bb078f8b0398a73124bbee63196ee5ec0d
real/real_0181_minds14_0007_mp3_bd72e279cfd2.mp3,real,minds14_en_us,human_speaker,mp3,16000,8640,bd72e279cfd2ccaa578780a8e20be7f6e00140afb4c31e8d1465fb46c23ba452
real/real_0182_minds14_0016_m4a_ecbf06c99498.m4a,real,minds14_en_us,human_speaker,m4a,22050,3157,ecbf06c994987845d05e40163dd411142635bbdb79e68405eb34b75faec04c96
real/real_0183_minds14_0071_opus_cc3dcfb55a6c.opus,real,minds14_en_us,human_speaker,opus,48000,6972,cc3dcfb55a6c9d48422856bd4bee9ae378d0e69737622356603fd7130f4ce259
real/real_0184_minds14_0039_wav_411d4d7792fd.wav,real,minds14_en_us,human_speaker,wav,16000,2879,411d4d7792fd4e756c7f5caf290678b6e5ced384555a8b828771aca9daa97be5
real/real_0185_minds14_0067_mp3_7478a9a2f8f7.mp3,real,minds14_en_us,human_speaker,mp3,16000,3600,7478a9a2f8f76439feef58d383ab6df59b29ddc4428c5bc49cb36595fd4fd7dd
real/real_0186_minds14_0064_m4a_dc27150cb822.m4a,real,minds14_en_us,human_speaker,m4a,22050,4863,dc27150cb8226631fd0b364731271ca50b8a612a6d26fd6f8d67a7a3d69369e6
real/real_0187_common_voice_0004_opus_bfdc7b6c25c2.opus,real,common_voice_en,human_speaker,opus,48000,6222,bfdc7b6c25c25d44542e0bdefb2279dbea1cbf9444807d8aeb2851fa2c128196
real/real_0188_minds14_0051_wav_04197aa89486.wav,real,minds14_en_us,human_speaker,wav,16000,9301,04197aa89486a2f7ddd4539e798899da8a6d0ac90df73b4373b5d41d9a50fadb
real/real_0189_common_voice_0018_mp3_ac69fc47aa04.mp3,real,common_voice_en,human_speaker,mp3,16000,6336,ac69fc47aa046fd7d33e0ced185a72a28d8dcf778e947d99241ee222b7969137
real/real_0190_minds14_0077_m4a_c93043a7c92e.m4a,real,minds14_en_us,human_speaker,m4a,22050,2731,c93043a7c92e06c18806293fb174d888f2df6afde26faf62e7d4c2b2fea8d85a
real/real_0191_minds14_0061_opus_61642ea356fa.opus,real,minds14_en_us,human_speaker,opus,48000,4955,61642ea356fa3efdfc5425c74512930db1f0e4d63c81f4870aff1ac9d0ac3932
real/real_0192_minds14_0069_wav_7e2ab3256293.wav,real,minds14_en_us,human_speaker,wav,16000,4522,7e2ab3256293fdecf7ea8f0f596cc18ea6d3b86a57308d1b3f9543a1d70492dc
real/real_0193_minds14_0065_mp3_8753ae8d3db6.mp3,real,minds14_en_us,human_speaker,mp3,16000,11772,8753ae8d3db6e118994d3916f8b79a26004cc67d32592795b80b484afc5acc49
real/real_0194_minds14_0000_m4a_0f56f001f964.m4a,real,minds14_en_us,human_speaker,m4a,22050,10837,0f56f001f964d2288851a5e4063781cb5793d25f1b4fd9b55607e79873b4b20c
real/real_0195_minds14_0013_opus_29ee1e86ecf9.opus,real,minds14_en_us,human_speaker,opus,48000,14939,29ee1e86ecf9a9a27e8d4eec153170c8f2c0977b6ecc2bb0fa3e7c0dfefe4bee
real/real_0196_common_voice_0007_wav_fcf9632e42b7.wav,real,common_voice_en,human_speaker,wav,16000,5796,fcf9632e42b70aa9096928df52428b7d8f27cd7b65646eb376278743000a5c0d
real/real_0197_common_voice_0013_mp3_6d9bc59e4b57.mp3,real,common_voice_en,human_speaker,mp3,16000,4932,6d9bc59e4b5795f21d1bc64da07ebb6b46f3b9c46f5c07a16fa91fe702a49a50
real/real_0198_minds14_0056_m4a_650ef9b447b6.m4a,real,minds14_en_us,human_speaker,m4a,22050,4693,650ef9b447b663e63af6e65a7b7d20e8df8c99afd11980c0ab336af487e691ab
real/real_0199_minds14_0049_opus_e8ac97ec0726.opus,real,minds14_en_us,human_speaker,opus,48000,4102,e8ac97ec0726c85c05191675f10e0839dcf02428582e71581abd110937d79c65
real/real_0200_minds14_0070_wav_da2157ba4929.wav,real,minds14_en_us,human_speaker,wav,16000,5120,da2157ba492948dc4c8d1b0e627feba5c166b512015ba896f5e32e467d16a024
real/real_0201_common_voice_0008_mp3_256557aa9aa3.mp3,real,common_voice_en,human_speaker,mp3,16000,7272,256557aa9aa3d360f4335cd1d1538975b230df79c5920c38021ed4f9e8bcb9b9
real/real_0202_common_voice_0012_m4a_b256df7ecf86.m4a,real,common_voice_en,human_speaker,m4a,22050,7847,b256df7ecf864625b88710fb6d97311d05c38da98e0dbdd30bd743e224ec45ad
real/real_0203_minds14_0003_opus_3e624b660732.opus,real,minds14_en_us,human_speaker,opus,48000,3249,3e624b660732572534d82d84567e8ff1ebf3c42e89865d71e79dcc5d1d474f04
real/real_0204_minds14_0054_wav_dcb09f260f42.wav,real,minds14_en_us,human_speaker,wav,16000,9045,dcb09f260f42cd41aca487a3c37fee5a8e17189b88bed8f5978775b3e824f22e
real/real_0205_common_voice_0014_mp3_f4f53d6ab5f7.mp3,real,common_voice_en,human_speaker,mp3,16000,4752,f4f53d6ab5f76e45dec216127cce891764c1c1b247149430774a9485e38d475f
real/real_0206_minds14_0087_m4a_86dec141d8cc.m4a,real,minds14_en_us,human_speaker,m4a,22050,7764,86dec141d8cc324e40b882d4b2efc597bb3f8d2f358cfa84eb7881fed628cbc7
real/real_0207_minds14_0030_opus_b44c42a29105.opus,real,minds14_en_us,human_speaker,opus,48000,4443,b44c42a2910527b0c31e9feefafd3ab536c5d0e8b7373b05c447ed9955be4847
real/real_0208_minds14_0022_wav_6554138a371e.wav,real,minds14_en_us,human_speaker,wav,16000,5479,6554138a371e67ae88ead2f631c8637087e02a207967cab4a775200d8d9d047c
real/real_0209_minds14_0036_mp3_78b92f513f56.mp3,real,minds14_en_us,human_speaker,mp3,16000,3924,78b92f513f5620813f2ec95da08862e381932ad3e7cf2356e1f1acf433fb5b46
real/real_0210_minds14_0004_m4a_3d0322962708.m4a,real,minds14_en_us,human_speaker,m4a,22050,3840,3d0322962708e20e459ca54f4bfb6ee3d487a781a38a4cc65fa47a55bc2611a1
real/real_0211_minds14_0059_opus_d5a0b8b68abc.opus,real,minds14_en_us,human_speaker,opus,48000,4358,d5a0b8b68abc81e5fe2a952a9a40cf2c10d18d6860043393e35845c80c1f523e
real/real_0212_common_voice_0002_wav_ba84311ec053.wav,real,common_voice_en,human_speaker,wav,16000,5940,ba84311ec05320c155931d895c915a063a080fe5e9251f84cd78d577756928b9
real/real_0213_minds14_0089_mp3_80acdbc24187.mp3,real,minds14_en_us,human_speaker,mp3,16000,12816,80acdbc241870cfd7d9a02543da50b0e8b0178ada5f20f429644825abed2e500
real/real_0214_minds14_0072_m4a_42d80d75212f.m4a,real,minds14_en_us,human_speaker,m4a,22050,3327,42d80d75212f15bab46986c73060a6b1484098e477d1c46dd19cf5b4f244c01a
real/real_0215_common_voice_0011_opus_0f7278f11a04.opus,real,common_voice_en,human_speaker,opus,48000,5586,0f7278f11a048cdd63476cf14d57cb24370a795c56a6f95a7815b13529cd487f
real/real_0216_minds14_0076_wav_0b42d3cea298.wav,real,minds14_en_us,human_speaker,wav,16000,4437,0b42d3cea298041eccebb6f0080801632f19dda1c99149aae1e8c894a6b2c450
real/real_0217_minds14_0085_mp3_00fff406f2e7.mp3,real,minds14_en_us,human_speaker,mp3,16000,13824,00fff406f2e72ebd57cda60793f9fd86397f65951a87fc2e42c62ec45240a0d7
real/real_0218_minds14_0043_m4a_2ac30a83e8e8.m4a,real,minds14_en_us,human_speaker,m4a,22050,4693,2ac30a83e8e8677823a1b178c42a0f9b10a1e7e5ce1797ea173d211251d6c13e
real/real_0219_minds14_0033_opus_035415ad6957.opus,real,minds14_en_us,human_speaker,opus,48000,16987,035415ad69573071c75e3cd62da668edba6191681051017a64d28a70fd6e5ff8
real/real_0220_minds14_0019_wav_8bf0bb2a8729.wav,real,minds14_en_us,human_speaker,wav,16000,7424,8bf0bb2a87290da13183d9f7f5af04e0a91a57da3a17fdfd6e1a77f8c06977c0
real/real_0221_minds14_0079_mp3_5bc65db39f73.mp3,real,minds14_en_us,human_speaker,mp3,16000,5652,5bc65db39f73969c4e384c9ac5f3c450621e51ccb3b92b8ede9aac412328c25b
real/real_0222_minds14_0032_m4a_269c25e934e4.m4a,real,minds14_en_us,human_speaker,m4a,22050,5291,269c25e934e4d9454feba41063c8ca5660b0866511ce1595616b5fe639b21b9e
real/real_0223_minds14_0028_opus_b301d2799639.opus,real,minds14_en_us,human_speaker,opus,48000,15963,b301d2799639929069463a82bf7ed4332c7930b61e829ebdc6c7de13f6356182
real/real_0224_common_voice_0003_wav_3b6aeb710452.wav,real,common_voice_en,human_speaker,wav,16000,9900,3b6aeb710452ffa1f406567c2220365da56fb1c8ee8ea0ecc7b74bbcfb72be01
real/real_0225_minds14_0052_mp3_57990266666f.mp3,real,minds14_en_us,human_speaker,mp3,16000,4644,57990266666fde71444969e5ab888ef6f6acb25f5108e278f0c699964cd66d79
real/real_0226_minds14_0021_m4a_e8e1e82f7c42.m4a,real,minds14_en_us,human_speaker,m4a,22050,8277,e8e1e82f7c4210a8f9e3ce6bea3188e2878e318c99c212a346f5c5771db42507
real/real_0227_common_voice_0026_opus_6a58f70fffba.opus,real,common_voice_en,human_speaker,opus,48000,7446,6a58f70fffba523d4a26c0e3856bb1d4ff1a331b9130c9988aeaae89a0802dc6
real/real_0228_minds14_0034_wav_6a4c6e1c1f1b.wav,real,minds14_en_us,human_speaker,wav,16000,14506,6a4c6e1c1f1b8d89f36bf6abcb6a4778c93ab686244a002d1f46f5488a048124
real/real_0229_minds14_0073_mp3_d22daff7b5e5.mp3,real,minds14_en_us,human_speaker,mp3,16000,3672,d22daff7b5e5b447ee3387a0e45460f77dcf9956d54d51b1ab1c31f74a5b1e28
real/real_0230_minds14_0001_m4a_b02581c37e2b.m4a,real,minds14_en_us,human_speaker,m4a,22050,6656,b02581c37e2b7a078d5dfef19db8a84dbb35ccc3d24d01fab20067787aa8dd70
real/real_0231_common_voice_0017_opus_1ce8a905bbf5.opus,real,common_voice_en,human_speaker,opus,48000,3822,1ce8a905bbf578614695721bdc635caff00a0127d17b9c66d6ae0c13c2a63c7c
real/real_0232_common_voice_0010_wav_679e61f47740.wav,real,common_voice_en,human_speaker,wav,16000,6888,679e61f477401d92bd559cbaf29a134470ffaadb0da072423a9e9b9699e5452d
real/real_0233_common_voice_0005_mp3_bb3a939f9c36.mp3,real,common_voice_en,human_speaker,mp3,16000,5940,bb3a939f9c368f8c88850bb82af7273b4bd52b5c88652011a74bc30ac0df57a6
real/real_0234_minds14_0060_m4a_eb71ae5ffea6.m4a,real,minds14_en_us,human_speaker,m4a,22050,5973,eb71ae5ffea6e53625b75c247fb12beb548076c1cca6d97b7bc973adcf2c09fe
real/real_0235_common_voice_0024_opus_9d8753af772e.opus,real,common_voice_en,human_speaker,opus,48000,5550,9d8753af772ef97226df332d0faa081fbfbfed71281d244d68b060e37370d2b3
real/real_0236_common_voice_0016_wav_0adf62d3d3c7.wav,real,common_voice_en,human_speaker,wav,16000,6240,0adf62d3d3c7ed4dd679d670f9010eb6b5b67c1f7dc8e68901227f2f2259333a
real/real_0237_minds14_0018_mp3_d0877b17dd92.mp3,real,minds14_en_us,human_speaker,mp3,16000,8208,d0877b17dd927676f2c48f1f53dac539e7c9f05901d189b5238584a5681ca25b
real/real_0238_minds14_0017_m4a_628b12c05a4c.m4a,real,minds14_en_us,human_speaker,m4a,22050,5632,628b12c05a4c9d9876d71c6f4548516e14f44aa6c236c274327ba983166d9b2c
real/real_0239_common_voice_0029_opus_7fa81b0a2a5d.opus,real,common_voice_en,human_speaker,opus,48000,5154,7fa81b0a2a5dead8aa54c951e61fc944eec8dc47348530b3a6ae51f84ad67fc7
real/real_0240_common_voice_0025_wav_a76237e31c99.wav,real,common_voice_en,human_speaker,wav,16000,4824,a76237e31c992410582b9e0523aaa19a198f4e0fa8bf8466bea6a9d2a5e6428e
real/real_0241_minds14_0081_mp3_f3de2f7c0081.mp3,real,minds14_en_us,human_speaker,mp3,16000,4356,f3de2f7c0081cd5073e62b2b1b2d5974b6e660360fdf04c7e7e750af492e5b4c
real/real_0242_minds14_0020_m4a_6b610235fc90.m4a,real,minds14_en_us,human_speaker,m4a,22050,8277,6b610235fc9000b75fc46805b0458ee744e134c0b4ec6e550ac84ad709a12853
real/real_0243_common_voice_0021_opus_407fe7c222ef.opus,real,common_voice_en,human_speaker,opus,48000,7494,407fe7c222ef35321e28de8f3f4f261d9e0ff01bd5c06dd45dca47c15f06c534
real/real_0244_minds14_0066_wav_7355a5c92daf.wav,real,minds14_en_us,human_speaker,wav,16000,5201,7355a5c92dafa1ea484cbac90ee11c5e0569214fd49b518e30146eb0daba2248
real/real_0245_minds14_0044_mp3_cfaff0be61d8.mp3,real,minds14_en_us,human_speaker,mp3,16000,4968,cfaff0be61d867c9ff1f374bb3bf46c4de76cb4a054e051099212a046bc319df
real/real_0246_minds14_0050_m4a_0918f1980f82.m4a,real,minds14_en_us,human_speaker,m4a,22050,10240,0918f1980f82add73fa2cf01a43b8a8a01daa2ac7e154b730e0daaf92d2c6edc
real/real_0247_minds14_0086_opus_0db220bdb9c7.opus,real,minds14_en_us,human_speaker,opus,48000,1713,0db220bdb9c73862875ac883df3fe05fbf70391ebf6f5402b92e8c8b672f99ad
real/real_0248_common_voice_0023_wav_16bd18b9d6bb.wav,real,common_voice_en,human_speaker,wav,16000,6192,16bd18b9d6bbf9a8cab63d56b11f8df3175301c1e3e499a7b5b42b957a2d83fa
real/real_0249_minds14_0027_mp3_5f81365f0e33.mp3,real,minds14_en_us,human_speaker,mp3,16000,8712,5f81365f0e3312f04cce257e6ddc43c611eea482818f8d2beae122db04c76744
synthetic/synthetic_0000_sapi_tts_0076_wav_80eeb905dfb0.wav,synthetic,local_sapi_tts,sapi,wav,16000,4281,80eeb905dfb0ff7842c3874c0e11fa494fa0402bfae237a539c137547049782f
synthetic/synthetic_0001_sapi_tts_0026_mp3_1abdf2d4776e.mp3,synthetic,local_sapi_tts,sapi,mp3,16000,3960,1abdf2d4776efcd18c901db64f9532f829d0ef57d36c645bb9986cc9d3077117
synthetic/synthetic_0002_sapi_tts_0060_m4a_5c8bb642f422.m4a,synthetic,local_sapi_tts,sapi,m4a,22050,4059,5c8bb642f4220001396f3df0f1c1299eba6334b01cf192af7e5e10f7f6f32512
synthetic/synthetic_0003_sapi_tts_0085_opus_591fd50d995c.opus,synthetic,local_sapi_tts,sapi,opus,48000,8104,591fd50d995cb840fcf2d2e204b5226661c0e1a40ef7bb4f716e4842be392131
synthetic/synthetic_0004_sapi_tts_0034_wav_b5d0ff04db29.wav,synthetic,local_sapi_tts,sapi,wav,16000,4327,b5d0ff04db29f7efb333286fa882df72b7e442484c7af7ccf70492f3ca96b979
synthetic/synthetic_0005_sapi_tts_0056_mp3_512a9b17cd1f.mp3,synthetic,local_sapi_tts,sapi,mp3,16000,6912,512a9b17cd1f2dec02c9f74d966020970ed98e41290454c15e530ffb8abecb3c
synthetic/synthetic_0006_sapi_tts_0048_m4a_12dcaf1a3918.m4a,synthetic,local_sapi_tts,sapi,m4a,22050,3443,12dcaf1a39189e51386a2cc5f59859b73b11c0f7a9cb4eb59daad0abe0d4ec04
synthetic/synthetic_0007_sapi_tts_0073_opus_fce978ccca16.opus,synthetic,local_sapi_tts,sapi,opus,48000,5694,fce978ccca165a759f14da814c129fa76d822a12ea9f50e6f2d7124ea55c58db
synthetic/synthetic_0008_sapi_tts_0050_wav_16ba01c46675.wav,synthetic,local_sapi_tts,sapi,wav,16000,5503,16ba01c46675266312763de32f9df3128c3639a43f22474f71ed75be33038c04
synthetic/synthetic_0009_sapi_tts_0070_mp3_8446b69dffbe.mp3,synthetic,local_sapi_tts,sapi,mp3,16000,7560,8446b69dffbec132306c49b033ee817b79f5fde56f81150c2ca28193b3e85690
synthetic/synthetic_0010_sapi_tts_0061_m4a_e3e618c4c4b3.m4a,synthetic,local_sapi_tts,sapi,m4a,22050,4246,e3e618c4c4b342cb287dec2938f46b9010074114eba148b5389e98ad58b357cf
synthetic/synthetic_0011_sapi_tts_0063_opus_44c79d79f5db.opus,synthetic,local_sapi_tts,sapi,opus,48000,6540,44c79d79f5db8b915ef74c4352a61f3ffbdd0e1af07af04720baceceab7a0f90
synthetic/synthetic_0012_sapi_tts_0025_wav_4e366be6a87f.wav,synthetic,local_sapi_tts,sapi,wav,16000,5828,4e366be6a87f926b06583af23b6ad489bd244446d3a669593b021dde680f250d
synthetic/synthetic_0013_sapi_tts_0083_mp3_f9623c149ed3.mp3,synthetic,local_sapi_tts,sapi,mp3,16000,3348,f9623c149ed36e136cdabeb6d62289b397fed6cce1b913a3854fa47d8c789748
synthetic/synthetic_0014_sapi_tts_0049_m4a_a087bed738c2.m4a,synthetic,local_sapi_tts,sapi,m4a,22050,7383,a087bed738c2493a0eb56ffea6836c23a0ebe057cd04c1ec29102b4083438cd5
synthetic/synthetic_0015_sapi_tts_0001_opus_e218cec5e7b2.opus,synthetic,local_sapi_tts,sapi,opus,48000,6596,e218cec5e7b23324e97e711b8a31a3bef00f2c5fd640a3624d87944b3298c97a
synthetic/synthetic_0016_sapi_tts_0032_wav_c456ffa48b8f.wav,synthetic,local_sapi_tts,sapi,wav,16000,4333,c456ffa48b8f6a2972bae2a935e3631207b7e4bfb367d7e8b280f9db459be05a
synthetic/synthetic_0017_sapi_tts_0033_mp3_71dabd47f6f8.mp3,synthetic,local_sapi_tts,sapi,mp3,16000,3852,71dabd47f6f8f878e7710c05a5b08223b81abe24f151e1252aba0d172a59973d
synthetic/synthetic_0018_sapi_tts_0044_m4a_1f4308bb9324.m4a,synthetic,local_sapi_tts,sapi,m4a,22050,6058,1f4308bb93248af45fa54ed0f2a77a0d3c8295d17edf0b54591fd38a9a18b361
synthetic/synthetic_0019_sapi_tts_0038_opus_9863b0830a47.opus,synthetic,local_sapi_tts,sapi,opus,48000,5104,9863b0830a47c36344956d136c347ab6cd99e4ba27008b5c71f51290fd1ddcef
synthetic/synthetic_0020_sapi_tts_0035_wav_93daf5bc4fd0.wav,synthetic,local_sapi_tts,sapi,wav,16000,8498,93daf5bc4fd0443a159dc341fbd120cd029e27533eb32d250d935b40a7f310d9
synthetic/synthetic_0021_sapi_tts_0015_mp3_d1673ffe5655.mp3,synthetic,local_sapi_tts,sapi,mp3,16000,7740,d1673ffe565594616041bd079792528d5bf905abab8b8e0f1adf153c0d67337b
synthetic/synthetic_0022_sapi_tts_0058_m4a_febef4cb24e9.m4a,synthetic,local_sapi_tts,sapi,m4a,22050,6559,febef4cb24e9b0305d16bee8b7aecd54ea6f038a25a55093caaa5ef52ca2c4bc
synthetic/synthetic_0023_sapi_tts_0016_opus_ee34ee88c193.opus,synthetic,local_sapi_tts,sapi,opus,48000,6634,ee34ee88c19330c41851c5f3ffae36cd7ab11e12b9e3984bb3c1a3736f4f2beb
synthetic/synthetic_0024_sapi_tts_0084_wav_b0aba11a6072.wav,synthetic,local_sapi_tts,sapi,wav,16000,7573,b0aba11a60723d26789f99d236100ed598e021b7e3b256fbb8f2a96f285e3241
synthetic/synthetic_0025_sapi_tts_0089_mp3_287dcc6eb2e2.mp3,synthetic,local_sapi_tts,sapi,mp3,16000,3528,287dcc6eb2e2d41568bbb0cc6f479bd981f363292bff57c46891d66858e0f445
synthetic/synthetic_0026_sapi_tts_0077_m4a_96b7107272fe.m4a,synthetic,local_sapi_tts,sapi,m4a,22050,7267,96b7107272fe764b1aa1db043ad9bf71334beee58eeae043559dd4a1af8d9cfc
synthetic/synthetic_0027_sapi_tts_0055_opus_8da2117e2ed9.opus,synthetic,local_sapi_tts,sapi,opus,48000,4682,8da2117e2ed9793eba6b1afa00072f48167c070f2c575a9f6daba48688d7c224
synthetic/synthetic_0028_sapi_tts_0086_wav_4f10ebfcb73f.wav,synthetic,local_sapi_tts,sapi,wav,16000,5433,4f10ebfcb73fe4992f954754c3b43e219c895753cb036b40b02baada5185d82f
synthetic/synthetic_0029_sapi_tts_0054_mp3_d4aa2b9e5c85.mp3,synthetic,local_sapi_tts,sapi,mp3,16000,4428,d4aa2b9e5c85850232317a9da5872ada74007ddabc1419c4696ca62c544878df
synthetic/synthetic_0030_sapi_tts_0018_m4a_fd81f1d8cd56.m4a,synthetic,local_sapi_tts,sapi,m4a,22050,4308,fd81f1d8cd56539970d167f33d48da33f2e0ae85fa02fbaaa653c54507f6a6ef
synthetic/synthetic_0031_sapi_tts_0006_opus_4c3ce195de76.opus,synthetic,local_sapi_tts,sapi,opus,48000,3443,4c3ce195de7622ca75ef5f3250a544e8977ae34b8c2a50610b434f143b27d6e9
synthetic/synthetic_0032_sapi_tts_0040_wav_4404efa53327.wav,synthetic,local_sapi_tts,sapi,wav,16000,4324,4404efa53327928f6cf021547b08b70d8dfd5024b8240a23e1927b52130a547a
synthetic/synthetic_0033_sapi_tts_0069_mp3_88abb94b4574.mp3,synthetic,local_sapi_tts,sapi,mp3,16000,3276,88abb94b45745724f075d31b32eabd348b367bbc1e0b6fd3571bf7ad279f0e1d
synthetic/synthetic_0034_sapi_tts_0009_m4a_119c4426bebf.m4a,synthetic,local_sapi_tts,sapi,m4a,22050,4963,119c4426bebfb0fbe32208e309ad0dffe3cf2c0692bf62f48038800aed7393df
synthetic/synthetic_0035_sapi_tts_0030_opus_fcc39bd3096d.opus,synthetic,local_sapi_tts,sapi,opus,48000,5125,fcc39bd3096dbb8269c2ebb97a80d33aad6437d2d56f050cdf15893771630cb0
synthetic/synthetic_0036_sapi_tts_0051_wav_81c78a46941b.wav,synthetic,local_sapi_tts,sapi,wav,16000,4783,81c78a46941b34a02f6af33ffbffb944e20600362a009eafb16e1652d2a809c5
synthetic/synthetic_0037_sapi_tts_0014_mp3_ecc7869e4bc1.mp3,synthetic,local_sapi_tts,sapi,mp3,16000,7668,ecc7869e4bc1f489774efd9b0b31bdb42d76f462eee83d104d06838141e6727d
synthetic/synthetic_0038_sapi_tts_0078_m4a_2e67b91b78dd.m4a,synthetic,local_sapi_tts,sapi,m4a,22050,6039,2e67b91b78ddb502a8f1e0faaaaa96f7799d0f53070c312ae12ca9b03e7cf436
synthetic/synthetic_0039_sapi_tts_0005_opus_f1907b2dda05.opus,synthetic,local_sapi_tts,sapi,opus,48000,4880,f1907b2dda05c2497255dcd40fd1a7685c8f6a638c362ac97d4bd4964ca7ab5f
synthetic/synthetic_0040_sapi_tts_0059_wav_7ef89dcc0b6b.wav,synthetic,local_sapi_tts,sapi,wav,16000,4403,7ef89dcc0b6b5a9a87e34f52c83e9c58aa98f977765b1fcae95b2df0a1991439
synthetic/synthetic_0041_sapi_tts_0028_mp3_28d07d752059.mp3,synthetic,local_sapi_tts,sapi,mp3,16000,8244,28d07d7520591a0a836ef876312a1e423ae447bde54c5eec7fb8c4c94195ecaa
synthetic/synthetic_0042_sapi_tts_0027_m4a_36ea19e94631.m4a,synthetic,local_sapi_tts,sapi,m4a,22050,3767,36ea19e946319f7afa3901b8f527b8937223f97e49d9458c5b6964a2b7192773
synthetic/synthetic_0043_sapi_tts_0021_opus_8d7939c14576.opus,synthetic,local_sapi_tts,sapi,opus,48000,5945,8d7939c14576fe14b86d5646503875a93ac99194fc445ed4321bf57803f795b9
synthetic/synthetic_0044_sapi_tts_0045_wav_34b39a2a1e41.wav,synthetic,local_sapi_tts,sapi,wav,16000,6278,34b39a2a1e41481350bb6481d0bd163b723ce95b3fa4c66a6781f49add9745cc
synthetic/synthetic_0045_sapi_tts_0011_mp3_bdc31a7eb082.mp3,synthetic,local_sapi_tts,sapi,mp3,16000,3780,bdc31a7eb082f7b5a020817f2263d94cd2a9bc6446a5f1431e98247a4c9f44c5
synthetic/synthetic_0046_sapi_tts_0037_m4a_e457d0c584ff.m4a,synthetic,local_sapi_tts,sapi,m4a,22050,7126,e457d0c584ff30a805dec4a5bb737fbf650e5e5cb6721d7c95fb76a8eb015db0
synthetic/synthetic_0047_sapi_tts_0065_opus_2ffcff5f500f.opus,synthetic,local_sapi_tts,sapi,opus,48000,6810,2ffcff5f500f1ea829359ff42d1a751e1786f3238e233fd0396d2656ac43ed93
synthetic/synthetic_0048_sapi_tts_0039_wav_4b393af7c946.wav,synthetic,local_sapi_tts,sapi,wav,16000,3963,4b393af7c9462b0eaaff86201391f520af436b5de168e8a9deb082656b0ffe82
synthetic/synthetic_0049_sapi_tts_0003_mp3_e91b89144af2.mp3,synthetic,local_sapi_tts,sapi,mp3,16000,4896,e91b89144af2de42d1af04ff07165192af9f9f53104058399d64d693be5a5989
synthetic/synthetic_0050_sapi_tts_0081_m4a_a2719e40f498.m4a,synthetic,local_sapi_tts,sapi,m4a,22050,3788,a2719e40f498855a8b4d57dcfe4b97812874bc4307b5af967178ee267ffb52de
synthetic/synthetic_0051_sapi_tts_0031_opus_81e7fc076b43.opus,synthetic,local_sapi_tts,sapi,opus,48000,5284,81e7fc076b4339d6c52a414645b604c849d9ad9f7ec6bfe1a4faddd7977405a0
synthetic/synthetic_0052_sapi_tts_0041_wav_793d84b961b1.wav,synthetic,local_sapi_tts,sapi,wav,16000,2938,793d84b961b178c62456b186469024a59836747c0609de22829bc13f0c5bb187
synthetic/synthetic_0053_sapi_tts_0000_mp3_74dbf6ba1100.mp3,synthetic,local_sapi_tts,sapi,mp3,16000,6480,74dbf6ba110053602e709d86c2cd5f6b581c4f75b46fd286c2e3dc91cfdbc3cd
synthetic/synthetic_0054_sapi_tts_0023_m4a_db5f96eb88ba.m4a,synthetic,local_sapi_tts,sapi,m4a,22050,5159,db5f96eb88baf920c82906e70b04e7b466fadff69562dd453ba11876c3318fcc
synthetic/synthetic_0055_sapi_tts_0020_opus_7594853cdd63.opus,synthetic,local_sapi_tts,sapi,opus,48000,3165,7594853cdd63b5d4512a6f29165c6b56b4d55647f0de5111edb991fe160a462e
synthetic/synthetic_0056_sapi_tts_0022_wav_96617648f854.wav,synthetic,local_sapi_tts,sapi,wav,16000,7267,96617648f854b587d33d5117eaf3cae4b3526d3dbf8f49658bf1f2717edecc12
synthetic/synthetic_0057_sapi_tts_0068_mp3_26d4b7c04ba1.mp3,synthetic,local_sapi_tts,sapi,mp3,16000,4067,26d4b7c04ba1971a6acad297282f429f5b5d79ea5901e6c7cf226cc5c0871f9e
synthetic/synthetic_0058_sapi_tts_0047_m4a_6c7ad81b17f5.m4a,synthetic,local_sapi_tts,sapi,m4a,22050,4182,6c7ad81b17f52096e2b96b7d73e81653a6d51a3f4db95470e95b5d6972f16086
synthetic/synthetic_0059_sapi_tts_0007_opus_b4105de7e5ed.opus,synthetic,local_sapi_tts,sapi,opus,48000,8869,b4105de7e5ed8e1b3a0bcf33058ceac91207b18275927ca26ee000969ff60d05
synthetic/synthetic_0060_sapi_tts_0079_wav_bdc83d0c6355.wav,synthetic,local_sapi_tts,sapi,wav,16000,5937,bdc83d0c6355690de3ecc7392ae4ca1e8f1e42fb8a257380bdb024bc948ff129
synthetic/synthetic_0061_sapi_tts_0042_mp3_fe78110b2a09.mp3,synthetic,local_sapi_tts,sapi,mp3,16000,6876,fe78110b2a09c473d6dd036c671784d9fa5f6fd38cccdbbd15b6e1a5254a8798
synthetic/synthetic_0062_sapi_tts_0074_m4a_b061fee9b0dc.m4a,synthetic,local_sapi_tts,sapi,m4a,22050,4823,b061fee9b0dc2987d8330c3ad69af514f9e6db0a07572e053fab9084515cd1bf
synthetic/synthetic_0063_sapi_tts_0043_opus_c5bed78ae29f.opus,synthetic,local_sapi_tts,sapi,opus,48000,7108,c5bed78ae29f1a6327b4c8e227780b991cc60bfad09234a22de0905bcb071a6b
synthetic/synthetic_0064_sapi_tts_0088_wav_341fe54c3524.wav,synthetic,local_sapi_tts,sapi,wav,16000,5280,341fe54c35245622a7a397ef4a67be2c34e7fa47ec6ae20f376947f826e5fb67
synthetic/synthetic_0065_sapi_tts_0002_mp3_7b1d809eabaf.mp3,synthetic,local_sapi_tts,sapi,mp3,16000,5544,7b1d809eabaf7d3e285596b71c68da49f0d3f058697d967900d478cfdfd3cbcb
synthetic/synthetic_0066_sapi_tts_0024_m4a_f96c06dafd8d.m4a,synthetic,local_sapi_tts,sapi,m4a,22050,5539,f96c06dafd8d7837ef61b7dbd29ab2a7460fff5abdba7d0067316d9b284e1ce7
synthetic/synthetic_0067_sapi_tts_0080_opus_3090df8481d0.opus,synthetic,local_sapi_tts,sapi,opus,48000,4555,3090df8481d0b4eff5db582ed6768e6d0663ab8bfb6ab6ca8a29a60b6c4df2c7
synthetic/synthetic_0068_sapi_tts_0071_wav_9bae7beaa5fa.wav,synthetic,local_sapi_tts,sapi,wav,16000,5143,9bae7beaa5fa25a78dc32b2861ab5117199ad6368f579002b173d9d0f462c98f
synthetic/synthetic_0069_sapi_tts_0062_mp3_6805dabea9a3.mp3,synthetic,local_sapi_tts,sapi,mp3,16000,3564,6805dabea9a30fce3473c8a64546d622fd15eda38c3c221450e58d889bbd74ff
synthetic/synthetic_0070_sapi_tts_0064_m4a_5cc99d1573ce.m4a,synthetic,local_sapi_tts,sapi,m4a,22050,7488,5cc99d1573ce026105d6910767a3f6fb25a0988d5f92359173f85d358cb180fb
synthetic/synthetic_0071_sapi_tts_0019_opus_df93a499f502.opus,synthetic,local_sapi_tts,sapi,opus,48000,4285,df93a499f50274e572f80d9f7f5986427203771ff5a8cd4a3e55666de5648517
synthetic/synthetic_0072_sapi_tts_0046_wav_57c7473fee81.wav,synthetic,local_sapi_tts,sapi,wav,16000,5333,57c7473fee814644ed19fc140262a830fa4d48003ef1605599e30e38b891a583
synthetic/synthetic_0073_sapi_tts_0067_mp3_cd189f2d1c78.mp3,synthetic,local_sapi_tts,sapi,mp3,16000,5832,cd189f2d1c7893a403ecdcd6576eb61f060f8c99ef984ae4ae27c41837a266c0
synthetic/synthetic_0074_sapi_tts_0066_m4a_988bb9dd1933.m4a,synthetic,local_sapi_tts,sapi,m4a,22050,4983,988bb9dd193337244c91daff05fe19663a72fbd2183ba49eb72684f5e2af68f7
synthetic/synthetic_0075_sapi_tts_0013_opus_c87279a7bb34.opus,synthetic,local_sapi_tts,sapi,opus,48000,4109,c87279a7bb345f6e221b8cd58c3dada4b6d17d5f3de9bcd47bb64ea185a73022
synthetic/synthetic_0076_sapi_tts_0082_wav_6cc973827e60.wav,synthetic,local_sapi_tts,sapi,wav,16000,4681,6cc973827e60ad56883954f7140011cd3a0030b046e71d4b8115bc647136ddeb
synthetic/synthetic_0077_sapi_tts_0004_mp3_80f4bfec8ccf.mp3,synthetic,local_sapi_tts,sapi,mp3,16000,5472,80f4bfec8ccf34812d23942103b2bcec6f74f8fb4aab98d00f6c05a55494555a
synthetic/synthetic_0078_sapi_tts_0012_m4a_9a4f3be76a38.m4a,synthetic,local_sapi_tts,sapi,m4a,22050,3874,9a4f3be76a3803f35ae2c7740d526982f9d7573b2a6c5815ef03056410eec873
synthetic/synthetic_0079_sapi_tts_0036_opus_9dc438b89ecb.opus,synthetic,local_sapi_tts,sapi,opus,48000,6054,9dc438b89ecb35c8f3c5d43a8359c693e25931c8e6065a54be84645409714952
synthetic/synthetic_0080_sapi_tts_0008_wav_1d62babdee02.wav,synthetic,local_sapi_tts,sapi,wav,16000,6168,1d62babdee02ae4a214f0bca7a4f6369cc08dc9cd73eae2863e00b0eec020291
synthetic/synthetic_0081_sapi_tts_0075_mp3_50a5576abcc9.mp3,synthetic,local_sapi_tts,sapi,mp3,16000,5004,50a5576abcc9b4c15bd625bcb5a66b400a53e5e2b6244894f2a6ac5ebdd730be
synthetic/synthetic_0082_sapi_tts_0010_m4a_8a23e4e39978.m4a,synthetic,local_sapi_tts,sapi,m4a,22050,5373,8a23e4e39978ddc02365628612d0bfec6f07d56810a74d2ec61f8e1a8a665895
synthetic/synthetic_0083_sapi_tts_0053_opus_3ed3e28cb735.opus,synthetic,local_sapi_tts,sapi,opus,48000,4105,3ed3e28cb735e84e99c35793afa1f0645ed81c60c5b62f5738afa317376abe87
synthetic/synthetic_0084_sapi_tts_0087_wav_500ba990b066.wav,synthetic,local_sapi_tts,sapi,wav,16000,5453,500ba990b066423a44bd62662bed2efb08e03709f5d00c35cfeac9c6491e7c85
synthetic/synthetic_0085_sapi_tts_0057_mp3_a50640943e95.mp3,synthetic,local_sapi_tts,sapi,mp3,16000,6732,a50640943e957e2e53b6125359c6e6123e0f7b01f40a1ae22c5d789447dfa52e
synthetic/synthetic_0086_sapi_tts_0072_m4a_f11bcb90e892.m4a,synthetic,local_sapi_tts,sapi,m4a,22050,5428,f11bcb90e892e99cb5ad05aa2ef7f9703d84ca062ca6c5fa05826d00d9a5bbf3
synthetic/synthetic_0087_sapi_tts_0052_opus_84e39038acf5.opus,synthetic,local_sapi_tts,sapi,opus,48000,5824,84e39038acf50539252774e546f31b9829ecd49e34c6341274b88a808e1c05a3
synthetic/synthetic_0088_sapi_tts_0017_wav_32a7be058914.wav,synthetic,local_sapi_tts,sapi,wav,16000,5328,32a7be0589147ec993d1d0db5eb506f1f2952edb9febe421307e749b9d277762
synthetic/synthetic_0089_sapi_tts_0029_mp3_e8694f5d6a96.mp3,synthetic,local_sapi_tts,sapi,mp3,16000,5400,e8694f5d6a96cfd8aabff1450f5253e84ba274e6adac7ba67d8f5e14183cabab
synthetic/synthetic_0090_sapi_tts_0076_m4a_80eeb905dfb0.m4a,synthetic,local_sapi_tts,sapi,m4a,22050,4281,80eeb905dfb0ff7842c3874c0e11fa494fa0402bfae237a539c137547049782f
synthetic/synthetic_0091_sapi_tts_0026_opus_1abdf2d4776e.opus,synthetic,local_sapi_tts,sapi,opus,48000,3885,1abdf2d4776efcd18c901db64f9532f829d0ef57d36c645bb9986cc9d3077117
synthetic/synthetic_0092_sapi_tts_0060_wav_5c8bb642f422.wav,synthetic,local_sapi_tts,sapi,wav,16000,4058,5c8bb642f4220001396f3df0f1c1299eba6334b01cf192af7e5e10f7f6f32512
synthetic/synthetic_0093_sapi_tts_0085_mp3_591fd50d995c.mp3,synthetic,local_sapi_tts,sapi,mp3,16000,8172,591fd50d995cb840fcf2d2e204b5226661c0e1a40ef7bb4f716e4842be392131
synthetic/synthetic_0094_sapi_tts_0034_m4a_b5d0ff04db29.m4a,synthetic,local_sapi_tts,sapi,m4a,22050,4326,b5d0ff04db29f7efb333286fa882df72b7e442484c7af7ccf70492f3ca96b979
synthetic/synthetic_0095_sapi_tts_0056_opus_512a9b17cd1f.opus,synthetic,local_sapi_tts,sapi,opus,48000,6825,512a9b17cd1f2dec02c9f74d966020970ed98e41290454c15e530ffb8abecb3c
synthetic/synthetic_0096_sapi_tts_0048_wav_12dcaf1a3918.wav,synthetic,local_sapi_tts,sapi,wav,16000,3444,12dcaf1a39189e51386a2cc5f59859b73b11c0f7a9cb4eb59daad0abe0d4ec04
synthetic/synthetic_0097_sapi_tts_0073_mp3_fce978ccca16.mp3,synthetic,local_sapi_tts,sapi,mp3,16000,5760,fce978ccca165a759f14da814c129fa76d822a12ea9f50e6f2d7124ea55c58db
synthetic/synthetic_0098_sapi_tts_0050_m4a_16ba01c46675.m4a,synthetic,local_sapi_tts,sapi,m4a,22050,5503,16ba01c46675266312763de32f9df3128c3639a43f22474f71ed75be33038c04
synthetic/synthetic_0099_sapi_tts_0070_opus_8446b69dffbe.opus,synthetic,local_sapi_tts,sapi,opus,48000,7468,8446b69dffbec132306c49b033ee817b79f5fde56f81150c2ca28193b3e85690
synthetic/synthetic_0100_sapi_tts_0061_wav_e3e618c4c4b3.wav,synthetic,local_sapi_tts,sapi,wav,16000,4246,e3e618c4c4b342cb287dec2938f46b9010074114eba148b5389e98ad58b357cf
synthetic/synthetic_0101_sapi_tts_0063_mp3_44c79d79f5db.mp3,synthetic,local_sapi_tts,sapi,mp3,16000,6624,44c79d79f5db8b915ef74c4352a61f3ffbdd0e1af07af04720baceceab7a0f90
synthetic/synthetic_0102_sapi_tts_0025_m4a_4e366be6a87f.m4a,synthetic,local_sapi_tts,sapi,m4a,22050,5827,4e366be6a87f926b06583af23b6ad489bd244446d3a669593b021dde680f250d
synthetic/synthetic_0103_sapi_tts_0083_opus_f9623c149ed3.opus,synthetic,local_sapi_tts,sapi,opus,48000,3280,f9623c149ed36e136cdabeb6d62289b397fed6cce1b913a3854fa47d8c789748
synthetic/synthetic_0104_sapi_tts_0049_wav_a087bed738c2.wav,synthetic,local_sapi_tts,sapi,wav,16000,7384,a087bed738c2493a0eb56ffea6836c23a0ebe057cd04c1ec29102b4083438cd5
synthetic/synthetic_0105_sapi_tts_0001_mp3_e218cec5e7b2.mp3,synthetic,local_sapi_tts,sapi,mp3,16000,6696,e218cec5e7b23324e97e711b8a31a3bef00f2c5fd640a3624d87944b3298c97a
synthetic/synthetic_0106_sapi_tts_0032_m4a_c456ffa48b8f.m4a,synthetic,local_sapi_tts,sapi,m4a,22050,4334,c456ffa48b8f6a2972bae2a935e3631207b7e4bfb367d7e8b280f9db459be05a
synthetic/synthetic_0107_sapi_tts_0033_opus_71dabd47f6f8.opus,synthetic,local_sapi_tts,sapi,opus,48000,3750,71dabd47f6f8f878e7710c05a5b08223b81abe24f151e1252aba0d172a59973d
synthetic/synthetic_0108_sapi_tts_0044_wav_1f4308bb9324.wav,synthetic,local_sapi_tts,sapi,wav,16000,6058,1f4308bb93248af45fa54ed0f2a77a0d3c8295d17edf0b54591fd38a9a18b361
synthetic/synthetic_0109_sapi_tts_0038_mp3_9863b0830a47.mp3,synthetic,local_sapi_tts,sapi,mp3,16000,5184,9863b0830a47c36344956d136c347ab6cd99e4ba27008b5c71f51290fd1ddcef
synthetic/synthetic_0110_sapi_tts_0035_m4a_93daf5bc4fd0.m4a,synthetic,local_sapi_tts,sapi,m4a,22050,8498,93daf5bc4fd0443a159dc341fbd120cd029e27533eb32d250d935b40a7f310d9
synthetic/synthetic_0111_sapi_tts_0015_opus_d1673ffe5655.opus,synthetic,local_sapi_tts,sapi,opus,48000,7654,d1673ffe565594616041bd079792528d5bf905abab8b8e0f1adf153c0d67337b
synthetic/synthetic_0112_sapi_tts_0058_wav_febef4cb24e9.wav,synthetic,local_sapi_tts,sapi,wav,16000,6558,febef4cb24e9b0305d16bee8b7aecd54ea6f038a25a55093caaa5ef52ca2c4bc
synthetic/synthetic_0113_sapi_tts_0016_mp3_ee34ee88c193.mp3,synthetic,local_sapi_tts,sapi,mp3,16000,6732,ee34ee88c19330c41851c5f3ffae36cd7ab11e12b9e3984bb3c1a3736f4f2beb
synthetic/synthetic_0114_sapi_tts_0084_m4a_b0aba11a6072.m4a,synthetic,local_sapi_tts,sapi,m4a,22050,7573,b0aba11a60723d26789f99d236100ed598e021b7e3b256fbb8f2a96f285e3241
synthetic/synthetic_0115_sapi_tts_0089_opus_287dcc6eb2e2.opus,synthetic,local_sapi_tts,sapi,opus,48000,3435,287dcc6eb2e2d41568bbb0cc6f479bd981f363292bff57c46891d66858e0f445
synthetic/synthetic_0116_sapi_tts_0077_wav_96b7107272fe.wav,synthetic,local_sapi_tts,sapi,wav,16000,7268,96b7107272fe764b1aa1db043ad9bf71334beee58eeae043559dd4a1af8d9cfc
synthetic/synthetic_0117_sapi_tts_0055_mp3_8da2117e2ed9.mp3,synthetic,local_sapi_tts,sapi,mp3,16000,4752,8da2117e2ed9793eba6b1afa00072f48167c070f2c575a9f6daba48688d7c224
synthetic/synthetic_0118_sapi_tts_0086_m4a_4f10ebfcb73f.m4a,synthetic,local_sapi_tts,sapi,m4a,22050,5434,4f10ebfcb73fe4992f954754c3b43e219c895753cb036b40b02baada5185d82f
synthetic/synthetic_0119_sapi_tts_0054_opus_d4aa2b9e5c85.opus,synthetic,local_sapi_tts,sapi,opus,48000,4355,d4aa2b9e5c85850232317a9da5872ada74007ddabc1419c4696ca62c544878df
synthetic/synthetic_0120_sapi_tts_0018_wav_fd81f1d8cd56.wav,synthetic,local_sapi_tts,sapi,wav,16000,4308,fd81f1d8cd56539970d167f33d48da33f2e0ae85fa02fbaaa653c54507f6a6ef
synthetic/synthetic_0121_sapi_tts_0006_mp3_4c3ce195de76.mp3,synthetic,local_sapi_tts,sapi,mp3,16000,3528,4c3ce195de7622ca75ef5f3250a544e8977ae34b8c2a50610b434f143b27d6e9
synthetic/synthetic_0122_sapi_tts_0040_m4a_4404efa53327.m4a,synthetic,local_sapi_tts,sapi,m4a,22050,4323,4404efa53327928f6cf021547b08b70d8dfd5024b8240a23e1927b52130a547a
synthetic/synthetic_0123_sapi_tts_0069_opus_88abb94b4574.opus,synthetic,local_sapi_tts,sapi,opus,48000,3177,88abb94b45745724f075d31b32eabd348b367bbc1e0b6fd3571bf7ad279f0e1d
synthetic/synthetic_0124_sapi_tts_0009_wav_119c4426bebf.wav,synthetic,local_sapi_tts,sapi,wav,16000,4963,119c4426bebfb0fbe32208e309ad0dffe3cf2c0692bf62f48038800aed7393df
synthetic/synthetic_0125_sapi_tts_0030_mp3_fcc39bd3096d.mp3,synthetic,local_sapi_tts,sapi,mp3,16000,5220,fcc39bd3096dbb8269c2ebb97a80d33aad6437d2d56f050cdf15893771630cb0
synthetic/synthetic_0126_sapi_tts_0051_m4a_81c78a46941b.m4a,synthetic,local_sapi_tts,sapi,m4a,22050,4783,81c78a46941b34a02f6af33ffbffb944e20600362a009eafb16e1652d2a809c5
synthetic/synthetic_0127_sapi_tts_0014_opus_ecc7869e4bc1.opus,synthetic,local_sapi_tts,sapi,opus,48000,7590,ecc7869e4bc1f489774efd9b0b31bdb42d76f462eee83d104d06838141e6727d
synthetic/synthetic_0128_sapi_tts_0078_wav_2e67b91b78dd.wav,synthetic,local_sapi_tts,sapi,wav,16000,6038,2e67b91b78ddb502a8f1e0faaaaa96f7799d0f53070c312ae12ca9b03e7cf436
synthetic/synthetic_0129_sapi_tts_0005_mp3_f1907b2dda05.mp3,synthetic,local_sapi_tts,sapi,mp3,16000,4968,f1907b2dda05c2497255dcd40fd1a7685c8f6a638c362ac97d4bd4964ca7ab5f
synthetic/synthetic_0130_sapi_tts_0059_m4a_7ef89dcc0b6b.m4a,synthetic,local_sapi_tts,sapi,m4a,22050,4402,7ef89dcc0b6b5a9a87e34f52c83e9c58aa98f977765b1fcae95b2df0a1991439
synthetic/synthetic_0131_sapi_tts_0028_opus_28d07d752059.opus,synthetic,local_sapi_tts,sapi,opus,48000,8162,28d07d7520591a0a836ef876312a1e423ae447bde54c5eec7fb8c4c94195ecaa
synthetic/synthetic_0132_sapi_tts_0027_wav_36ea19e94631.wav,synthetic,local_sapi_tts,sapi,wav,16000,3768,36ea19e946319f7afa3901b8f527b8937223f97e49d9458c5b6964a2b7192773
synthetic/synthetic_0133_sapi_tts_0021_mp3_8d7939c14576.mp3,synthetic,local_sapi_tts,sapi,mp3,16000,6012,8d7939c14576fe14b86d5646503875a93ac99194fc445ed4321bf57803f795b9
synthetic/synthetic_0134_sapi_tts_0045_m4a_34b39a2a1e41.m4a,synthetic,local_sapi_tts,sapi,m4a,22050,6279,34b39a2a1e41481350bb6481d0bd163b723ce95b3fa4c66a6781f49add9745cc
synthetic/synthetic_0135_sapi_tts_0011_opus_bdc31a7eb082.opus,synthetic,local_sapi_tts,sapi,opus,48000,3690,bdc31a7eb082f7b5a020817f2263d94cd2a9bc6446a5f1431e98247a4c9f44c5
synthetic/synthetic_0136_sapi_tts_0037_wav_e457d0c584ff.wav,synthetic,local_sapi_tts,sapi,wav,16000,7126,e457d0c584ff30a805dec4a5bb737fbf650e5e5cb6721d7c95fb76a8eb015db0
synthetic/synthetic_0137_sapi_tts_0065_mp3_2ffcff5f500f.mp3,synthetic,local_sapi_tts,sapi,mp3,16000,6876,2ffcff5f500f1ea829359ff42d1a751e1786f3238e233fd0396d2656ac43ed93
synthetic/synthetic_0138_sapi_tts_0039_m4a_4b393af7c946.m4a,synthetic,local_sapi_tts,sapi,m4a,22050,3962,4b393af7c9462b0eaaff86201391f520af436b5de168e8a9deb082656b0ffe82
synthetic/synthetic_0139_sapi_tts_0003_opus_e91b89144af2.opus,synthetic,local_sapi_tts,sapi,opus,48000,4795,e91b89144af2de42d1af04ff07165192af9f9f53104058399d64d693be5a5989
synthetic/synthetic_0140_sapi_tts_0081_wav_a2719e40f498.wav,synthetic,local_sapi_tts,sapi,wav,16000,3788,a2719e40f498855a8b4d57dcfe4b97812874bc4307b5af967178ee267ffb52de
synthetic/synthetic_0141_sapi_tts_0031_mp3_81e7fc076b43.mp3,synthetic,local_sapi_tts,sapi,mp3,16000,5364,81e7fc076b4339d6c52a414645b604c849d9ad9f7ec6bfe1a4faddd7977405a0
synthetic/synthetic_0142_sapi_tts_0041_m4a_793d84b961b1.m4a,synthetic,local_sapi_tts,sapi,m4a,22050,2938,793d84b961b178c62456b186469024a59836747c0609de22829bc13f0c5bb187
synthetic/synthetic_0143_sapi_tts_0000_opus_74dbf6ba1100.opus,synthetic,local_sapi_tts,sapi,opus,48000,6410,74dbf6ba110053602e709d86c2cd5f6b581c4f75b46fd286c2e3dc91cfdbc3cd
synthetic/synthetic_0144_sapi_tts_0023_wav_db5f96eb88ba.wav,synthetic,local_sapi_tts,sapi,wav,16000,5158,db5f96eb88baf920c82906e70b04e7b466fadff69562dd453ba11876c3318fcc
synthetic/synthetic_0145_sapi_tts_0020_mp3_7594853cdd63.mp3,synthetic,local_sapi_tts,sapi,mp3,16000,3240,7594853cdd63b5d4512a6f29165c6b56b4d55647f0de5111edb991fe160a462e
synthetic/synthetic_0146_sapi_tts_0022_m4a_96617648f854.m4a,synthetic,local_sapi_tts,sapi,m4a,22050,7266,96617648f854b587d33d5117eaf3cae4b3526d3dbf8f49658bf1f2717edecc12
synthetic/synthetic_0147_sapi_tts_0068_opus_26d4b7c04ba1.opus,synthetic,local_sapi_tts,sapi,opus,48000,3970,26d4b7c04ba1971a6acad297282f429f5b5d79ea5901e6c7cf226cc5c0871f9e
synthetic/synthetic_0148_sapi_tts_0047_wav_6c7ad81b17f5.wav,synthetic,local_sapi_tts,sapi,wav,16000,4183,6c7ad81b17f52096e2b96b7d73e81653a6d51a3f4db95470e95b5d6972f16086
synthetic/synthetic_0149_sapi_tts_0007_mp3_b4105de7e5ed.mp3,synthetic,local_sapi_tts,sapi,mp3,16000,8964,b4105de7e5ed8e1b3a0bcf33058ceac91207b18275927ca26ee000969ff60d05
synthetic/synthetic_0150_sapi_tts_0079_m4a_bdc83d0c6355.m4a,synthetic,local_sapi_tts,sapi,m4a,22050,5937,bdc83d0c6355690de3ecc7392ae4ca1e8f1e42fb8a257380bdb024bc948ff129
synthetic/synthetic_0151_sapi_tts_0042_opus_fe78110b2a09.opus,synthetic,local_sapi_tts,sapi,opus,48000,6790,fe78110b2a09c473d6dd036c671784d9fa5f6fd38cccdbbd15b6e1a5254a8798
synthetic/synthetic_0152_sapi_tts_0074_wav_b061fee9b0dc.wav,synthetic,local_sapi_tts,sapi,wav,16000,4823,b061fee9b0dc2987d8330c3ad69af514f9e6db0a07572e053fab9084515cd1bf
synthetic/synthetic_0153_sapi_tts_0043_mp3_c5bed78ae29f.mp3,synthetic,local_sapi_tts,sapi,mp3,16000,7200,c5bed78ae29f1a6327b4c8e227780b991cc60bfad09234a22de0905bcb071a6b
synthetic/synthetic_0154_sapi_tts_0088_m4a_341fe54c3524.m4a,synthetic,local_sapi_tts,sapi,m4a,22050,5280,341fe54c35245622a7a397ef4a67be2c34e7fa47ec6ae20f376947f826e5fb67
synthetic/synthetic_0155_sapi_tts_0002_opus_7b1d809eabaf.opus,synthetic,local_sapi_tts,sapi,opus,48000,5454,7b1d809eabaf7d3e285596b71c68da49f0d3f058697d967900d478cfdfd3cbcb
synthetic/synthetic_0156_sapi_tts_0024_wav_f96c06dafd8d.wav,synthetic,local_sapi_tts,sapi,wav,16000,5538,f96c06dafd8d7837ef61b7dbd29ab2a7460fff5abdba7d0067316d9b284e1ce7
synthetic/synthetic_0157_sapi_tts_0080_mp3_3090df8481d0.mp3,synthetic,local_sapi_tts,sapi,mp3,16000,4644,3090df8481d0b4eff5db582ed6768e6d0663ab8bfb6ab6ca8a29a60b6c4df2c7
synthetic/synthetic_0158_sapi_tts_0071_m4a_9bae7beaa5fa.m4a,synthetic,local_sapi_tts,sapi,m4a,22050,5143,9bae7beaa5fa25a78dc32b2861ab5117199ad6368f579002b173d9d0f462c98f
synthetic/synthetic_0159_sapi_tts_0062_opus_6805dabea9a3.opus,synthetic,local_sapi_tts,sapi,opus,48000,3469,6805dabea9a30fce3473c8a64546d622fd15eda38c3c221450e58d889bbd74ff
synthetic/synthetic_0160_sapi_tts_0064_wav_5cc99d1573ce.wav,synthetic,local_sapi_tts,sapi,wav,16000,7489,5cc99d1573ce026105d6910767a3f6fb25a0988d5f92359173f85d358cb180fb
synthetic/synthetic_0161_sapi_tts_0019_mp3_df93a499f502.mp3,synthetic,local_sapi_tts,sapi,mp3,16000,4356,df93a499f50274e572f80d9f7f5986427203771ff5a8cd4a3e55666de5648517
synthetic/synthetic_0162_sapi_tts_0046_m4a_57c7473fee81.m4a,synthetic,local_sapi_tts,sapi,m4a,22050,5333,57c7473fee814644ed19fc140262a830fa4d48003ef1605599e30e38b891a583
synthetic/synthetic_0163_sapi_tts_0067_opus_cd189f2d1c78.opus,synthetic,local_sapi_tts,sapi,opus,48000,5745,cd189f2d1c7893a403ecdcd6576eb61f060f8c99ef984ae4ae27c41837a266c0
synthetic/synthetic_0164_sapi_tts_0066_wav_988bb9dd1933.wav,synthetic,local_sapi_tts,sapi,wav,16000,4983,988bb9dd193337244c91daff05fe19663a72fbd2183ba49eb72684f5e2af68f7
synthetic/synthetic_0165_sapi_tts_0013_mp3_c87279a7bb34.mp3,synthetic,local_sapi_tts,sapi,mp3,16000,4176,c87279a7bb345f6e221b8cd58c3dada4b6d17d5f3de9bcd47bb64ea185a73022
synthetic/synthetic_0166_sapi_tts_0082_m4a_6cc973827e60.m4a,synthetic,local_sapi_tts,sapi,m4a,22050,4680,6cc973827e60ad56883954f7140011cd3a0030b046e71d4b8115bc647136ddeb
synthetic/synthetic_0167_sapi_tts_0004_opus_80f4bfec8ccf.opus,synthetic,local_sapi_tts,sapi,opus,48000,5399,80f4bfec8ccf34812d23942103b2bcec6f74f8fb4aab98d00f6c05a55494555a
synthetic/synthetic_0168_sapi_tts_0012_wav_9a4f3be76a38.wav,synthetic,local_sapi_tts,sapi,wav,16000,3874,9a4f3be76a3803f35ae2c7740d526982f9d7573b2a6c5815ef03056410eec873
synthetic/synthetic_0169_sapi_tts_0036_mp3_9dc438b89ecb.mp3,synthetic,local_sapi_tts,sapi,mp3,16000,6156,9dc438b89ecb35c8f3c5d43a8359c693e25931c8e6065a54be84645409714952
synthetic/synthetic_0170_sapi_tts_0008_m4a_1d62babdee02.m4a,synthetic,local_sapi_tts,sapi,m4a,22050,6167,1d62babdee02ae4a214f0bca7a4f6369cc08dc9cd73eae2863e00b0eec020291
synthetic/synthetic_0171_sapi_tts_0075_opus_50a5576abcc9.opus,synthetic,local_sapi_tts,sapi,opus,48000,4935,50a5576abcc9b4c15bd625bcb5a66b400a53e5e2b6244894f2a6ac5ebdd730be
synthetic/synthetic_0172_sapi_tts_0010_wav_8a23e4e39978.wav,synthetic,local_sapi_tts,sapi,wav,16000,5372,8a23e4e39978ddc02365628612d0bfec6f07d56810a74d2ec61f8e1a8a665895
synthetic/synthetic_0173_sapi_tts_0053_mp3_3ed3e28cb735.mp3,synthetic,local_sapi_tts,sapi,mp3,16000,4176,3ed3e28cb735e84e99c35793afa1f0645ed81c60c5b62f5738afa317376abe87
synthetic/synthetic_0174_sapi_tts_0087_m4a_500ba990b066.m4a,synthetic,local_sapi_tts,sapi,m4a,22050,5453,500ba990b066423a44bd62662bed2efb08e03709f5d00c35cfeac9c6491e7c85
synthetic/synthetic_0175_sapi_tts_0057_opus_a50640943e95.opus,synthetic,local_sapi_tts,sapi,opus,48000,6640,a50640943e957e2e53b6125359c6e6123e0f7b01f40a1ae22c5d789447dfa52e
synthetic/synthetic_0176_sapi_tts_0072_wav_f11bcb90e892.wav,synthetic,local_sapi_tts,sapi,wav,16000,5428,f11bcb90e892e99cb5ad05aa2ef7f9703d84ca062ca6c5fa05826d00d9a5bbf3
synthetic/synthetic_0177_sapi_tts_0052_mp3_84e39038acf5.mp3,synthetic,local_sapi_tts,sapi,mp3,16000,5904,84e39038acf50539252774e546f31b9829ecd49e34c6341274b88a808e1c05a3
synthetic/synthetic_0178_sapi_tts_0017_m4a_32a7be058914.m4a,synthetic,local_sapi_tts,sapi,m4a,22050,5328,32a7be0589147ec993d1d0db5eb506f1f2952edb9febe421307e749b9d277762
synthetic/synthetic_0179_sapi_tts_0029_opus_e8694f5d6a96.opus,synthetic,local_sapi_tts,sapi,opus,48000,5320,e8694f5d6a96cfd8aabff1450f5253e84ba274e6adac7ba67d8f5e14183cabab
synthetic/synthetic_0180_sapi_tts_0076_wav_80eeb905dfb0.wav,synthetic,local_sapi_tts,sapi,wav,16000,4281,80eeb905dfb0ff7842c3874c0e11fa494fa0402bfae237a539c137547049782f
synthetic/synthetic_0181_sapi_tts_0026_mp3_1abdf2d4776e.mp3,synthetic,local_sapi_tts,sapi,mp3,16000,3960,1abdf2d4776efcd18c901db64f9532f829d0ef57d36c645bb9986cc9d3077117
synthetic/synthetic_0182_sapi_tts_0060_m4a_5c8bb642f422.m4a,synthetic,local_sapi_tts,sapi,m4a,22050,4059,5c8bb642f4220001396f3df0f1c1299eba6334b01cf192af7e5e10f7f6f32512
synthetic/synthetic_0183_sapi_tts_0085_opus_591fd50d995c.opus,synthetic,local_sapi_tts,sapi,opus,48000,8104,591fd50d995cb840fcf2d2e204b5226661c0e1a40ef7bb4f716e4842be392131
synthetic/synthetic_0184_sapi_tts_0034_wav_b5d0ff04db29.wav,synthetic,local_sapi_tts,sapi,wav,16000,4327,b5d0ff04db29f7efb333286fa882df72b7e442484c7af7ccf70492f3ca96b979
synthetic/synthetic_0185_sapi_tts_0056_mp3_512a9b17cd1f.mp3,synthetic,local_sapi_tts,sapi,mp3,16000,6912,512a9b17cd1f2dec02c9f74d966020970ed98e41290454c15e530ffb8abecb3c
synthetic/synthetic_0186_sapi_tts_0048_m4a_12dcaf1a3918.m4a,synthetic,local_sapi_tts,sapi,m4a,22050,3443,12dcaf1a39189e51386a2cc5f59859b73b11c0f7a9cb4eb59daad0abe0d4ec04
synthetic/synthetic_0187_sapi_tts_0073_opus_fce978ccca16.opus,synthetic,local_sapi_tts,sapi,opus,48000,5694,fce978ccca165a759f14da814c129fa76d822a12ea9f50e6f2d7124ea55c58db
synthetic/synthetic_0188_sapi_tts_0050_wav_16ba01c46675.wav,synthetic,local_sapi_tts,sapi,wav,16000,5503,16ba01c46675266312763de32f9df3128c3639a43f22474f71ed75be33038c04
synthetic/synthetic_0189_sapi_tts_0070_mp3_8446b69dffbe.mp3,synthetic,local_sapi_tts,sapi,mp3,16000,7560,8446b69dffbec132306c49b033ee817b79f5fde56f81150c2ca28193b3e85690
synthetic/synthetic_0190_sapi_tts_0061_m4a_e3e618c4c4b3.m4a,synthetic,local_sapi_tts,sapi,m4a,22050,4246,e3e618c4c4b342cb287dec2938f46b9010074114eba148b5389e98ad58b357cf
synthetic/synthetic_0191_sapi_tts_0063_opus_44c79d79f5db.opus,synthetic,local_sapi_tts,sapi,opus,48000,6540,44c79d79f5db8b915ef74c4352a61f3ffbdd0e1af07af04720baceceab7a0f90
synthetic/synthetic_0192_sapi_tts_0025_wav_4e366be6a87f.wav,synthetic,local_sapi_tts,sapi,wav,16000,5828,4e366be6a87f926b06583af23b6ad489bd244446d3a669593b021dde680f250d
synthetic/synthetic_0193_sapi_tts_0083_mp3_f9623c149ed3.mp3,synthetic,local_sapi_tts,sapi,mp3,16000,3348,f9623c149ed36e136cdabeb6d62289b397fed6cce1b913a3854fa47d8c789748
synthetic/synthetic_0194_sapi_tts_0049_m4a_a087bed738c2.m4a,synthetic,local_sapi_tts,sapi,m4a,22050,7383,a087bed738c2493a0eb56ffea6836c23a0ebe057cd04c1ec29102b4083438cd5
synthetic/synthetic_0195_sapi_tts_0001_opus_e218cec5e7b2.opus,synthetic,local_sapi_tts,sapi,opus,48000,6596,e218cec5e7b23324e97e711b8a31a3bef00f2c5fd640a3624d87944b3298c97a
synthetic/synthetic_0196_sapi_tts_0032_wav_c456ffa48b8f.wav,synthetic,local_sapi_tts,sapi,wav,16000,4333,c456ffa48b8f6a2972bae2a935e3631207b7e4bfb367d7e8b280f9db459be05a
synthetic/synthetic_0197_sapi_tts_0033_mp3_71dabd47f6f8.mp3,synthetic,local_sapi_tts,sapi,mp3,16000,3852,71dabd47f6f8f878e7710c05a5b08223b81abe24f151e1252aba0d172a59973d
synthetic/synthetic_0198_sapi_tts_0044_m4a_1f4308bb9324.m4a,synthetic,local_sapi_tts,sapi,m4a,22050,6058,1f4308bb93248af45fa54ed0f2a77a0d3c8295d17edf0b54591fd38a9a18b361
synthetic/synthetic_0199_sapi_tts_0038_opus_9863b0830a47.opus,synthetic,local_sapi_tts,sapi,opus,48000,5104,9863b0830a47c36344956d136c347ab6cd99e4ba27008b5c71f51290fd1ddcef
synthetic/synthetic_0200_sapi_tts_0035_wav_93daf5bc4fd0.wav,synthetic,local_sapi_tts,sapi,wav,16000,8498,93daf5bc4fd0443a159dc341fbd120cd029e27533eb32d250d935b40a7f310d9
synthetic/synthetic_0201_sapi_tts_0015_mp3_d1673ffe5655.mp3,synthetic,local_sapi_tts,sapi,mp3,16000,7740,d1673ffe565594616041bd079792528d5bf905abab8b8e0f1adf153c0d67337b
synthetic/synthetic_0202_sapi_tts_0058_m4a_febef4cb24e9.m4a,synthetic,local_sapi_tts,sapi,m4a,22050,6559,febef4cb24e9b0305d16bee8b7aecd54ea6f038a25a55093caaa5ef52ca2c4bc
synthetic/synthetic_0203_sapi_tts_0016_opus_ee34ee88c193.opus,synthetic,local_sapi_tts,sapi,opus,48000,6634,ee34ee88c19330c41851c5f3ffae36cd7ab11e12b9e3984bb3c1a3736f4f2beb
synthetic/synthetic_0204_sapi_tts_0084_wav_b0aba11a6072.wav,synthetic,local_sapi_tts,sapi,wav,16000,7573,b0aba11a60723d26789f99d236100ed598e021b7e3b256fbb8f2a96f285e3241
synthetic/synthetic_0205_sapi_tts_0089_mp3_287dcc6eb2e2.mp3,synthetic,local_sapi_tts,sapi,mp3,16000,3528,287dcc6eb2e2d41568bbb0cc6f479bd981f363292bff57c46891d66858e0f445
synthetic/synthetic_0206_sapi_tts_0077_m4a_96b7107272fe.m4a,synthetic,local_sapi_tts,sapi,m4a,22050,7267,96b7107272fe764b1aa1db043ad9bf71334beee58eeae043559dd4a1af8d9cfc
synthetic/synthetic_0207_sapi_tts_0055_opus_8da2117e2ed9.opus,synthetic,local_sapi_tts,sapi,opus,48000,4682,8da2117e2ed9793eba6b1afa00072f48167c070f2c575a9f6daba48688d7c224
synthetic/synthetic_0208_sapi_tts_0086_wav_4f10ebfcb73f.wav,synthetic,local_sapi_tts,sapi,wav,16000,5433,4f10ebfcb73fe4992f954754c3b43e219c895753cb036b40b02baada5185d82f
synthetic/synthetic_0209_sapi_tts_0054_mp3_d4aa2b9e5c85.mp3,synthetic,local_sapi_tts,sapi,mp3,16000,4428,d4aa2b9e5c85850232317a9da5872ada74007ddabc1419c4696ca62c544878df
synthetic/synthetic_0210_sapi_tts_0018_m4a_fd81f1d8cd56.m4a,synthetic,local_sapi_tts,sapi,m4a,22050,4308,fd81f1d8cd56539970d167f33d48da33f2e0ae85fa02fbaaa653c54507f6a6ef
synthetic/synthetic_0211_sapi_tts_0006_opus_4c3ce195de76.opus,synthetic,local_sapi_tts,sapi,opus,48000,3443,4c3ce195de7622ca75ef5f3250a544e8977ae34b8c2a50610b434f143b27d6e9
synthetic/synthetic_0212_sapi_tts_0040_wav_4404efa53327.wav,synthetic,local_sapi_tts,sapi,wav,16000,4324,4404efa53327928f6cf021547b08b70d8dfd5024b8240a23e1927b52130a547a
synthetic/synthetic_0213_sapi_tts_0069_mp3_88abb94b4574.mp3,synthetic,local_sapi_tts,sapi,mp3,16000,3276,88abb94b45745724f075d31b32eabd348b367bbc1e0b6fd3571bf7ad279f0e1d
synthetic/synthetic_0214_sapi_tts_0009_m4a_119c4426bebf.m4a,synthetic,local_sapi_tts,sapi,m4a,22050,4963,119c4426bebfb0fbe32208e309ad0dffe3cf2c0692bf62f48038800aed7393df
synthetic/synthetic_0215_sapi_tts_0030_opus_fcc39bd3096d.opus,synthetic,local_sapi_tts,sapi,opus,48000,5125,fcc39bd3096dbb8269c2ebb97a80d33aad6437d2d56f050cdf15893771630cb0
synthetic/synthetic_0216_sapi_tts_0051_wav_81c78a46941b.wav,synthetic,local_sapi_tts,sapi,wav,16000,4783,81c78a46941b34a02f6af33ffbffb944e20600362a009eafb16e1652d2a809c5
synthetic/synthetic_0217_sapi_tts_0014_mp3_ecc7869e4bc1.mp3,synthetic,local_sapi_tts,sapi,mp3,16000,7668,ecc7869e4bc1f489774efd9b0b31bdb42d76f462eee83d104d06838141e6727d
synthetic/synthetic_0218_sapi_tts_0078_m4a_2e67b91b78dd.m4a,synthetic,local_sapi_tts,sapi,m4a,22050,6039,2e67b91b78ddb502a8f1e0faaaaa96f7799d0f53070c312ae12ca9b03e7cf436
synthetic/synthetic_0219_sapi_tts_0005_opus_f1907b2dda05.opus,synthetic,local_sapi_tts,sapi,opus,48000,4880,f1907b2dda05c2497255dcd40fd1a7685c8f6a638c362ac97d4bd4964ca7ab5f
synthetic/synthetic_0220_sapi_tts_0059_wav_7ef89dcc0b6b.wav,synthetic,local_sapi_tts,sapi,wav,16000,4403,7ef89dcc0b6b5a9a87e34f52c83e9c58aa98f977765b1fcae95b2df0a1991439
synthetic/synthetic_0221_sapi_tts_0028_mp3_28d07d752059.mp3,synthetic,local_sapi_tts,sapi,mp3,16000,8244,28d07d7520591a0a836ef876312a1e423ae447bde54c5eec7fb8c4c94195ecaa
synthetic/synthetic_0222_sapi_tts_0027_m4a_36ea19e94631.m4a,synthetic,local_sapi_tts,sapi,m4a,22050,3767,36ea19e946319f7afa3901b8f527b8937223f97e49d9458c5b6964a2b7192773
synthetic/synthetic_0223_sapi_tts_0021_opus_8d7939c14576.opus,synthetic,local_sapi_tts,sapi,opus,48000,5945,8d7939c14576fe14b86d5646503875a93ac99194fc445ed4321bf57803f795b9
synthetic/synthetic_0224_sapi_tts_0045_wav_34b39a2a1e41.wav,synthetic,local_sapi_tts,sapi,wav,16000,6278,34b39a2a1e41481350bb6481d0bd163b723ce95b3fa4c66a6781f49add9745cc
synthetic/synthetic_0225_sapi_tts_0011_mp3_bdc31a7eb082.mp3,synthetic,local_sapi_tts,sapi,mp3,16000,3780,bdc31a7eb082f7b5a020817f2263d94cd2a9bc6446a5f1431e98247a4c9f44c5
synthetic/synthetic_0226_sapi_tts_0037_m4a_e457d0c584ff.m4a,synthetic,local_sapi_tts,sapi,m4a,22050,7126,e457d0c584ff30a805dec4a5bb737fbf650e5e5cb6721d7c95fb76a8eb015db0
synthetic/synthetic_0227_sapi_tts_0065_opus_2ffcff5f500f.opus,synthetic,local_sapi_tts,sapi,opus,48000,6810,2ffcff5f500f1ea829359ff42d1a751e1786f3238e233fd0396d2656ac43ed93
synthetic/synthetic_0228_sapi_tts_0039_wav_4b393af7c946.wav,synthetic,local_sapi_tts,sapi,wav,16000,3963,4b393af7c9462b0eaaff86201391f520af436b5de168e8a9deb082656b0ffe82
synthetic/synthetic_0229_sapi_tts_0003_mp3_e91b89144af2.mp3,synthetic,local_sapi_tts,sapi,mp3,16000,4896,e91b89144af2de42d1af04ff07165192af9f9f53104058399d64d693be5a5989
synthetic/synthetic_0230_sapi_tts_0081_m4a_a2719e40f498.m4a,synthetic,local_sapi_tts,sapi,m4a,22050,3788,a2719e40f498855a8b4d57dcfe4b97812874bc4307b5af967178ee267ffb52de
synthetic/synthetic_0231_sapi_tts_0031_opus_81e7fc076b43.opus,synthetic,local_sapi_tts,sapi,opus,48000,5284,81e7fc076b4339d6c52a414645b604c849d9ad9f7ec6bfe1a4faddd7977405a0
synthetic/synthetic_0232_sapi_tts_0041_wav_793d84b961b1.wav,synthetic,local_sapi_tts,sapi,wav,16000,2938,793d84b961b178c62456b186469024a59836747c0609de22829bc13f0c5bb187
synthetic/synthetic_0233_sapi_tts_0000_mp3_74dbf6ba1100.mp3,synthetic,local_sapi_tts,sapi,mp3,16000,6480,74dbf6ba110053602e709d86c2cd5f6b581c4f75b46fd286c2e3dc91cfdbc3cd
synthetic/synthetic_0234_sapi_tts_0023_m4a_db5f96eb88ba.m4a,synthetic,local_sapi_tts,sapi,m4a,22050,5159,db5f96eb88baf920c82906e70b04e7b466fadff69562dd453ba11876c3318fcc
synthetic/synthetic_0235_sapi_tts_0020_opus_7594853cdd63.opus,synthetic,local_sapi_tts,sapi,opus,48000,3165,7594853cdd63b5d4512a6f29165c6b56b4d55647f0de5111edb991fe160a462e
synthetic/synthetic_0236_sapi_tts_0022_wav_96617648f854.wav,synthetic,local_sapi_tts,sapi,wav,16000,7267,96617648f854b587d33d5117eaf3cae4b3526d3dbf8f49658bf1f2717edecc12
synthetic/synthetic_0237_sapi_tts_0068_mp3_26d4b7c04ba1.mp3,synthetic,local_sapi_tts,sapi,mp3,16000,4067,26d4b7c04ba1971a6acad297282f429f5b5d79ea5901e6c7cf226cc5c0871f9e
synthetic/synthetic_0238_sapi_tts_0047_m4a_6c7ad81b17f5.m4a,synthetic,local_sapi_tts,sapi,m4a,22050,4182,6c7ad81b17f52096e2b96b7d73e81653a6d51a3f4db95470e95b5d6972f16086
synthetic/synthetic_0239_sapi_tts_0007_opus_b4105de7e5ed.opus,synthetic,local_sapi_tts,sapi,opus,48000,8869,b4105de7e5ed8e1b3a0bcf33058ceac91207b18275927ca26ee000969ff60d05
synthetic/synthetic_0240_sapi_tts_0079_wav_bdc83d0c6355.wav,synthetic,local_sapi_tts,sapi,wav,16000,5937,bdc83d0c6355690de3ecc7392ae4ca1e8f1e42fb8a257380bdb024bc948ff129
synthetic/synthetic_0241_sapi_tts_0042_mp3_fe78110b2a09.mp3,synthetic,local_sapi_tts,sapi,mp3,16000,6876,fe78110b2a09c473d6dd036c671784d9fa5f6fd38cccdbbd15b6e1a5254a8798
synthetic/synthetic_0242_sapi_tts_0074_m4a_b061fee9b0dc.m4a,synthetic,local_sapi_tts,sapi,m4a,22050,4823,b061fee9b0dc2987d8330c3ad69af514f9e6db0a07572e053fab9084515cd1bf
synthetic/synthetic_0243_sapi_tts_0043_opus_c5bed78ae29f.opus,synthetic,local_sapi_tts,sapi,opus,48000,7108,c5bed78ae29f1a6327b4c8e227780b991cc60bfad09234a22de0905bcb071a6b
synthetic/synthetic_0244_sapi_tts_0088_wav_341fe54c3524.wav,synthetic,local_sapi_tts,sapi,wav,16000,5280,341fe54c35245622a7a397ef4a67be2c34e7fa47ec6ae20f376947f826e5fb67
synthetic/synthetic_0245_sapi_tts_0002_mp3_7b1d809eabaf.mp3,synthetic,local_sapi_tts,sapi,mp3,16000,5544,7b1d809eabaf7d3e285596b71c68da49f0d3f058697d967900d478cfdfd3cbcb
synthetic/synthetic_0246_sapi_tts_0024_m4a_f96c06dafd8d.m4a,synthetic,local_sapi_tts,sapi,m4a,22050,5539,f96c06dafd8d7837ef61b7dbd29ab2a7460fff5abdba7d0067316d9b284e1ce7
synthetic/synthetic_0247_sapi_tts_0080_opus_3090df8481d0.opus,synthetic,local_sapi_tts,sapi,opus,48000,4555,3090df8481d0b4eff5db582ed6768e6d0663ab8bfb6ab6ca8a29a60b6c4df2c7
synthetic/synthetic_0248_sapi_tts_0071_wav_9bae7beaa5fa.wav,synthetic,local_sapi_tts,sapi,wav,16000,5143,9bae7beaa5fa25a78dc32b2861ab5117199ad6368f579002b173d9d0f462c98f
synthetic/synthetic_0249_sapi_tts_0062_mp3_6805dabea9a3.mp3,synthetic,local_sapi_tts,sapi,mp3,16000,3564,6805dabea9a30fce3473c8a64546d622fd15eda38c3c221450e58d889bbd74ff
